Lattice Timing Report -  Setup  and Hold, Version Radiant Software (64-bit) 2026.1.0.37.0

Wed Sep 16 19:32:28 2026

Copyright (c) 1991-1994 by NeoCAD Inc. All rights reserved.
Copyright (c) 1995 AT&T Corp.   All rights reserved.
Copyright (c) 1995-2001 Lucent Technologies Inc.  All rights reserved.
Copyright (c) 2001 Agere Systems   All rights reserved.
Copyright (c) 2002-2026 Lattice Semiconductor Corporation,  All rights reserved.

Command line:    timing -sethld -v 10 -u 10 -endpoints 10 -nperend 1 -sp High-Performance_1.2V -hsp m -pwrprd -html -rpt lab2_ei_impl_1.twr lab2_ei_impl_1.udb -gui -msgset C:/Users/eing/Documents/GitHub/e155-lab2/fpga/lab2_ei/promote.xml

-----------------------------------------
Design:          lab2_ei
Family:          iCE40UP
Device:          iCE40UP5K
Package:         SG48
Performance:     High-Performance_1.2V
Package Status:                     Preliminary    Version 1.5
**Performance Hardware Data Status :   Advanced Version 1.0
-----------------------------------------


=====================================================================
                    Table of Contents
=====================================================================
    1  Timing Overview
        1.1  SDC Constraints
        1.2  Constraint Coverage
        1.3  Overall Summary
        1.4  Unconstrained Report
        1.5  Combinational Loop
    2  Setup at Speed Grade High-Performance_1.2V Corner at 100 Degrees
        2.1  Clock Summary
        2.2  Endpoint slacks
        2.3  Detailed Report
    3  Hold at Speed Grade m Corner at -40 Degrees
        3.1  Endpoint slacks
        3.2  Detailed Report

=====================================================================
                    End of Table of Contents
=====================================================================

==============================================
1  Timing Overview
==============================================

1.1  SDC Constraints
=====================
create_clock -name {clk} -period 20.8333 [get_pins {hf_osc/CLKHF }] 

1.2  Constraint Coverage
---------------------------
Constraint Coverage: 69.0162%


1.3  Overall Summary
---------------------------
 Setup at Speed Grade High-Performance_1.2V Corner at 100 Degrees     Timing Errors: 0 endpoints;  Total Negative Slack: 0.000 ns 
 Hold at Speed Grade m Corner at -40 Degrees                          Timing Errors: 0 endpoints;  Total Negative Slack: 0.000 ns 

1.4  Unconstrained Report
===========================

1.4.1  Unconstrained Start/End Points
--------------------------------------

Clocked but unconstrained timing start points
--------------------------------------------------
There is no start point satisfying reporting criteria


Clocked but unconstrained timing end points
-------------------------------------------------------------------
         Listing 10 End Points          |           Type           
-------------------------------------------------------------------
{lab2_counter_inst/count_state__i21/SP   lab2_counter_inst/count_state__i20/SP}                           
                                        |           No arrival time
{lab2_counter_inst/count_state__i21/SR   lab2_counter_inst/count_state__i20/SR}                           
                                        |           No arrival time
{lab2_counter_inst/count_state__i0/SP   lab2_counter_inst/count_state__i1/SP}                           
                                        |           No arrival time
{lab2_counter_inst/count_state__i0/SR   lab2_counter_inst/count_state__i1/SR}                           
                                        |           No arrival time
{lab2_counter_inst/count_state__i19/SP   lab2_counter_inst/count_state__i18/SP}                           
                                        |           No arrival time
{lab2_counter_inst/count_state__i19/SR   lab2_counter_inst/count_state__i18/SR}                           
                                        |           No arrival time
{lab2_counter_inst/count_state__i17/SP   lab2_counter_inst/count_state__i16/SP}                           
                                        |           No arrival time
{lab2_counter_inst/count_state__i17/SR   lab2_counter_inst/count_state__i16/SR}                           
                                        |           No arrival time
{lab2_counter_inst/count_state__i3/SP   lab2_counter_inst/count_state__i2/SP}                           
                                        |           No arrival time
{lab2_counter_inst/count_state__i3/SR   lab2_counter_inst/count_state__i2/SR}                           
                                        |           No arrival time
-------------------------------------------------------------------
                                        |                          
Number of unconstrained timing end poin |                          
ts                                      |                        70
                                        |                          
-------------------------------------------------------------------

1.4.2  Start/End Points Without Timing Constraints
---------------------------------------------------

I/O ports without constraint
----------------------------
Possible constraints to use on I/O ports are:
set_input_delay,
set_output_delay,
set_max_delay,
create_clock,
create_generated_clock,
...

-------------------------------------------------------------------
     Listing 10 Start or End Points     |           Type           
-------------------------------------------------------------------
nreset                                  |                     input
sw1[3]                                  |                     input
sw1[2]                                  |                     input
sw1[1]                                  |                     input
sw1[0]                                  |                     input
sw2[3]                                  |                     input
sw2[2]                                  |                     input
sw2[1]                                  |                     input
sw2[0]                                  |                     input
col[3]                                  |                     input
-------------------------------------------------------------------
                                        |                          
Number of I/O ports without constraint  |                        31
                                        |                          
-------------------------------------------------------------------

Nets without clock definition
Define a clock on a top level port or a generated clock on a clock divider pin associated with this net(s).
--------------------------------------------------
There is no instance satisfying reporting criteria



1.5  Combinational Loop
========================
None

===============================================================
2  Setup at Speed Grade High-Performance_1.2V Corner at 100 Degrees
===============================================================

2.1  Clock Summary
=======================

2.1.1 Clock "clk"
=======================
create_clock -name {clk} -period 20.8333 [get_pins {hf_osc/CLKHF }] 

Single Clock Domain
-------------------------------------------------------------------------------------------------------
               Clock clk                |                    |       Period       |     Frequency      
-------------------------------------------------------------------------------------------------------
 From clk                               |             Target |          20.833 ns |         48.000 MHz 
                                        | Actual (all paths) |          20.792 ns |         48.095 MHz 
hf_osc/CLKHF (MPW)                      |   (50% duty cycle) |          20.792 ns |         48.095 MHz 
-------------------------------------------------------------------------------------------------------

Clock Domain Crossing

2.2  Endpoint slacks
=======================
-------------------------------------------------------
          Listing 10 End Points          |    Slack    
-------------------------------------------------------
lab2_scanning_inst/lab2_counter_inst/count_state__i31/D              
                                         |    2.531 ns 
lab2_counter_inst/count_state__i31/D     |    2.531 ns 
lab2_scanning_inst/lab2_counter_inst/count_state__i30/D              
                                         |    3.363 ns 
lab2_counter_inst/count_state__i30/D     |    3.363 ns 
lab2_counter_inst/count_state__i26/D     |    3.612 ns 
lab2_scanning_inst/lab2_counter_inst/count_state__i29/D              
                                         |    3.640 ns 
lab2_counter_inst/count_state__i29/D     |    3.640 ns 
lab2_scanning_inst/lab2_counter_inst/count_state__i26/D              
                                         |    3.876 ns 
lab2_scanning_inst/lab2_counter_inst/count_state__i28/D              
                                         |    3.917 ns 
lab2_counter_inst/count_state__i28/D     |    3.917 ns 
-------------------------------------------------------
                                         |             
Setup # of endpoints with negative slack:|           0 
                                         |             
-------------------------------------------------------

2.3  Detailed Report
=======================


XXXXXXXXXXXXXXXXXXXXXXXXXXXXXXXXXXXXXXXXXXXXXXXXXXXXXXXXXX

Detail report of critical paths

XXXXXXXXXXXXXXXXXXXXXXXXXXXXXXXXXXXXXXXXXXXXXXXXXXXXXXXXXX

+++++++++++++++++++++++++++++++++++++++++++++++++++++++++++++++++++++ 
                    Detailed Report for timing paths 
+++++++++++++++++++++++++++++++++++++++++++++++++++++++++++++++++++++ 

++++ Path 1 ++++++++++++++++++++++++++++++++++++++++++++++++++++++++++ 

Path Begin       : lab2_scanning_inst/lab2_counter_inst/count_state__i0/Q  (SLICE_R13C4B)
Path End         : lab2_scanning_inst/lab2_counter_inst/count_state__i31/D  (SLICE_R15C7A)
Source Clock     : clk (R)
Destination Clock: clk (R)
Logic Level      : 34
Delay Ratio      : 39.4% (route), 60.6% (logic)
Clock Skew       : 0.000 ns 
Setup Constraint : 20.833 ns 
Path Slack       : 2.531 ns  (Passed)


Source Clock Path
Name                                      Cell/Site Name     Delay Name           Incr      Arrival/Required Time  Fanout  
----------------------------------------  -----------------  -------------------  --------  ---------------------  ------  
hf_osc/CLKHF                              HFOSC_HFOSC_R1C32  CLOCK LATENCY           0.000                  0.000  36      
lab2_scanning_inst/lab2_counter_inst/clk                     NET DELAY               5.499                  5.499  36      
{lab2_scanning_inst/lab2_counter_inst/count_state__i0/CK   lab2_scanning_inst/lab2_counter_inst/count_state__i1/CK}
                                                             CLOCK PIN               0.000                  5.499  1       


Data Path
Name                                      Cell/Site Name     Delay Name           Incr      Arrival/Required Time  Fanout  
----------------------------------------  -----------------  -------------------  --------  ---------------------  ------  
lab2_scanning_inst/lab2_counter_inst/count_state__i0/CK->lab2_scanning_inst/lab2_counter_inst/count_state__i0/Q
                                          SLICE_R13C4B       CLK_TO_Q0_DELAY         1.388                  6.887  2       
lab2_scanning_inst/lab2_counter_inst/counter[0]
                                                             NET DELAY               2.075                  8.962  2       
lab2_scanning_inst/lab2_counter_inst/add_7_add_5_1/B1->lab2_scanning_inst/lab2_counter_inst/add_7_add_5_1/CO1
                                          SLICE_R14C3A       B1_TO_COUT1_DELAY       0.357                  9.319  2       
lab2_scanning_inst/lab2_counter_inst/n1037
                                                             NET DELAY               0.000                  9.319  2       
lab2_scanning_inst/lab2_counter_inst/add_7_add_5_3/CI0->lab2_scanning_inst/lab2_counter_inst/add_7_add_5_3/CO0
                                          SLICE_R14C3B       CIN0_TO_COUT0_DELAY     0.277                  9.596  2       
lab2_scanning_inst/lab2_counter_inst/n2131
                                                             NET DELAY               0.000                  9.596  2       
lab2_scanning_inst/lab2_counter_inst/add_7_add_5_3/CI1->lab2_scanning_inst/lab2_counter_inst/add_7_add_5_3/CO1
                                          SLICE_R14C3B       CIN1_TO_COUT1_DELAY     0.277                  9.873  2       
lab2_scanning_inst/lab2_counter_inst/n1039
                                                             NET DELAY               0.000                  9.873  2       
lab2_scanning_inst/lab2_counter_inst/add_7_add_5_5/CI0->lab2_scanning_inst/lab2_counter_inst/add_7_add_5_5/CO0
                                          SLICE_R14C3C       CIN0_TO_COUT0_DELAY     0.277                 10.150  2       
lab2_scanning_inst/lab2_counter_inst/n2134
                                                             NET DELAY               0.000                 10.150  2       
lab2_scanning_inst/lab2_counter_inst/add_7_add_5_5/CI1->lab2_scanning_inst/lab2_counter_inst/add_7_add_5_5/CO1
                                          SLICE_R14C3C       CIN1_TO_COUT1_DELAY     0.277                 10.427  2       
lab2_scanning_inst/lab2_counter_inst/n1041
                                                             NET DELAY               0.000                 10.427  2       
lab2_scanning_inst/lab2_counter_inst/add_7_add_5_7/CI0->lab2_scanning_inst/lab2_counter_inst/add_7_add_5_7/CO0
                                          SLICE_R14C3D       CIN0_TO_COUT0_DELAY     0.277                 10.704  2       
lab2_scanning_inst/lab2_counter_inst/n2137
                                                             NET DELAY               0.000                 10.704  2       
lab2_scanning_inst/lab2_counter_inst/add_7_add_5_7/CI1->lab2_scanning_inst/lab2_counter_inst/add_7_add_5_7/CO1
                                          SLICE_R14C3D       CIN1_TO_COUT1_DELAY     0.277                 10.981  2       
lab2_scanning_inst/lab2_counter_inst/n1043
                                                             NET DELAY               0.555                 11.536  2       
lab2_scanning_inst/lab2_counter_inst/add_7_add_5_9/CI0->lab2_scanning_inst/lab2_counter_inst/add_7_add_5_9/CO0
                                          SLICE_R14C4A       CIN0_TO_COUT0_DELAY     0.277                 11.813  2       
lab2_scanning_inst/lab2_counter_inst/n2140
                                                             NET DELAY               0.000                 11.813  2       
lab2_scanning_inst/lab2_counter_inst/add_7_add_5_9/CI1->lab2_scanning_inst/lab2_counter_inst/add_7_add_5_9/CO1
                                          SLICE_R14C4A       CIN1_TO_COUT1_DELAY     0.277                 12.090  2       
lab2_scanning_inst/lab2_counter_inst/n1045
                                                             NET DELAY               0.000                 12.090  2       
lab2_scanning_inst/lab2_counter_inst/add_7_add_5_11/CI0->lab2_scanning_inst/lab2_counter_inst/add_7_add_5_11/CO0
                                          SLICE_R14C4B       CIN0_TO_COUT0_DELAY     0.277                 12.367  2       
lab2_scanning_inst/lab2_counter_inst/n2143
                                                             NET DELAY               0.000                 12.367  2       
lab2_scanning_inst/lab2_counter_inst/add_7_add_5_11/CI1->lab2_scanning_inst/lab2_counter_inst/add_7_add_5_11/CO1
                                          SLICE_R14C4B       CIN1_TO_COUT1_DELAY     0.277                 12.644  2       
lab2_scanning_inst/lab2_counter_inst/n1047
                                                             NET DELAY               0.000                 12.644  2       
lab2_scanning_inst/lab2_counter_inst/add_7_add_5_13/CI0->lab2_scanning_inst/lab2_counter_inst/add_7_add_5_13/CO0
                                          SLICE_R14C4C       CIN0_TO_COUT0_DELAY     0.277                 12.921  2       
lab2_scanning_inst/lab2_counter_inst/n2146
                                                             NET DELAY               0.000                 12.921  2       
lab2_scanning_inst/lab2_counter_inst/add_7_add_5_13/CI1->lab2_scanning_inst/lab2_counter_inst/add_7_add_5_13/CO1
                                          SLICE_R14C4C       CIN1_TO_COUT1_DELAY     0.277                 13.198  2       
lab2_scanning_inst/lab2_counter_inst/n1049
                                                             NET DELAY               0.000                 13.198  2       
lab2_scanning_inst/lab2_counter_inst/add_7_add_5_15/CI0->lab2_scanning_inst/lab2_counter_inst/add_7_add_5_15/CO0
                                          SLICE_R14C4D       CIN0_TO_COUT0_DELAY     0.277                 13.475  2       
lab2_scanning_inst/lab2_counter_inst/n2149
                                                             NET DELAY               0.000                 13.475  2       
lab2_scanning_inst/lab2_counter_inst/add_7_add_5_15/CI1->lab2_scanning_inst/lab2_counter_inst/add_7_add_5_15/CO1
                                          SLICE_R14C4D       CIN1_TO_COUT1_DELAY     0.277                 13.752  2       
lab2_scanning_inst/lab2_counter_inst/n1051
                                                             NET DELAY               0.555                 14.307  2       
lab2_scanning_inst/lab2_counter_inst/add_7_add_5_17/CI0->lab2_scanning_inst/lab2_counter_inst/add_7_add_5_17/CO0
                                          SLICE_R14C5A       CIN0_TO_COUT0_DELAY     0.277                 14.584  2       
lab2_scanning_inst/lab2_counter_inst/n2152
                                                             NET DELAY               0.000                 14.584  2       
lab2_scanning_inst/lab2_counter_inst/add_7_add_5_17/CI1->lab2_scanning_inst/lab2_counter_inst/add_7_add_5_17/CO1
                                          SLICE_R14C5A       CIN1_TO_COUT1_DELAY     0.277                 14.861  2       
lab2_scanning_inst/lab2_counter_inst/n1053
                                                             NET DELAY               0.000                 14.861  2       
lab2_scanning_inst/lab2_counter_inst/add_7_add_5_19/CI0->lab2_scanning_inst/lab2_counter_inst/add_7_add_5_19/CO0
                                          SLICE_R14C5B       CIN0_TO_COUT0_DELAY     0.277                 15.138  2       
lab2_scanning_inst/lab2_counter_inst/n2155
                                                             NET DELAY               0.000                 15.138  2       
lab2_scanning_inst/lab2_counter_inst/add_7_add_5_19/CI1->lab2_scanning_inst/lab2_counter_inst/add_7_add_5_19/CO1
                                          SLICE_R14C5B       CIN1_TO_COUT1_DELAY     0.277                 15.415  2       
lab2_scanning_inst/lab2_counter_inst/n1055
                                                             NET DELAY               0.000                 15.415  2       
lab2_scanning_inst/lab2_counter_inst/add_7_add_5_21/CI0->lab2_scanning_inst/lab2_counter_inst/add_7_add_5_21/CO0
                                          SLICE_R14C5C       CIN0_TO_COUT0_DELAY     0.277                 15.692  2       
lab2_scanning_inst/lab2_counter_inst/n2158
                                                             NET DELAY               0.000                 15.692  2       
lab2_scanning_inst/lab2_counter_inst/add_7_add_5_21/CI1->lab2_scanning_inst/lab2_counter_inst/add_7_add_5_21/CO1
                                          SLICE_R14C5C       CIN1_TO_COUT1_DELAY     0.277                 15.969  2       
lab2_scanning_inst/lab2_counter_inst/n1057
                                                             NET DELAY               0.000                 15.969  2       
lab2_scanning_inst/lab2_counter_inst/add_7_add_5_23/CI0->lab2_scanning_inst/lab2_counter_inst/add_7_add_5_23/CO0
                                          SLICE_R14C5D       CIN0_TO_COUT0_DELAY     0.277                 16.246  2       
lab2_scanning_inst/lab2_counter_inst/n2161
                                                             NET DELAY               0.000                 16.246  2       
lab2_scanning_inst/lab2_counter_inst/add_7_add_5_23/CI1->lab2_scanning_inst/lab2_counter_inst/add_7_add_5_23/CO1
                                          SLICE_R14C5D       CIN1_TO_COUT1_DELAY     0.277                 16.523  2       
lab2_scanning_inst/lab2_counter_inst/n1059
                                                             NET DELAY               0.555                 17.078  2       
lab2_scanning_inst/lab2_counter_inst/add_7_add_5_25/CI0->lab2_scanning_inst/lab2_counter_inst/add_7_add_5_25/CO0
                                          SLICE_R14C6A       CIN0_TO_COUT0_DELAY     0.277                 17.355  2       
lab2_scanning_inst/lab2_counter_inst/n2164
                                                             NET DELAY               0.000                 17.355  2       
lab2_scanning_inst/lab2_counter_inst/add_7_add_5_25/CI1->lab2_scanning_inst/lab2_counter_inst/add_7_add_5_25/CO1
                                          SLICE_R14C6A       CIN1_TO_COUT1_DELAY     0.277                 17.632  2       
lab2_scanning_inst/lab2_counter_inst/n1061
                                                             NET DELAY               0.000                 17.632  2       
lab2_scanning_inst/lab2_counter_inst/add_7_add_5_27/CI0->lab2_scanning_inst/lab2_counter_inst/add_7_add_5_27/CO0
                                          SLICE_R14C6B       CIN0_TO_COUT0_DELAY     0.277                 17.909  2       
lab2_scanning_inst/lab2_counter_inst/n2167
                                                             NET DELAY               0.000                 17.909  2       
lab2_scanning_inst/lab2_counter_inst/add_7_add_5_27/CI1->lab2_scanning_inst/lab2_counter_inst/add_7_add_5_27/CO1
                                          SLICE_R14C6B       CIN1_TO_COUT1_DELAY     0.277                 18.186  2       
lab2_scanning_inst/lab2_counter_inst/n1063
                                                             NET DELAY               0.000                 18.186  2       
lab2_scanning_inst/lab2_counter_inst/add_7_add_5_29/CI0->lab2_scanning_inst/lab2_counter_inst/add_7_add_5_29/CO0
                                          SLICE_R14C6C       CIN0_TO_COUT0_DELAY     0.277                 18.463  2       
lab2_scanning_inst/lab2_counter_inst/n2170
                                                             NET DELAY               0.000                 18.463  2       
lab2_scanning_inst/lab2_counter_inst/add_7_add_5_29/CI1->lab2_scanning_inst/lab2_counter_inst/add_7_add_5_29/CO1
                                          SLICE_R14C6C       CIN1_TO_COUT1_DELAY     0.277                 18.740  2       
lab2_scanning_inst/lab2_counter_inst/n1065
                                                             NET DELAY               0.000                 18.740  2       
lab2_scanning_inst/lab2_counter_inst/add_7_add_5_31/CI0->lab2_scanning_inst/lab2_counter_inst/add_7_add_5_31/CO0
                                          SLICE_R14C6D       CIN0_TO_COUT0_DELAY     0.277                 19.017  2       
lab2_scanning_inst/lab2_counter_inst/n2173
                                                             NET DELAY               0.000                 19.017  2       
lab2_scanning_inst/lab2_counter_inst/add_7_add_5_31/CI1->lab2_scanning_inst/lab2_counter_inst/add_7_add_5_31/CO1
                                          SLICE_R14C6D       CIN1_TO_COUT1_DELAY     0.277                 19.294  2       
lab2_scanning_inst/lab2_counter_inst/n1067
                                                             NET DELAY               1.216                 20.510  2       
lab2_scanning_inst/lab2_counter_inst/add_7_add_5_33/D0->lab2_scanning_inst/lab2_counter_inst/add_7_add_5_33/S0
                                          SLICE_R14C7A       D0_TO_F0_DELAY          0.449                 20.959  1       
lab2_scanning_inst/lab2_counter_inst/n167[31]
                                                             NET DELAY               2.168                 23.127  1       
lab2_scanning_inst/lab2_counter_inst/i648_2_lut/A->lab2_scanning_inst/lab2_counter_inst/i648_2_lut/Z
                                          SLICE_R15C7A       D0_TO_F0_DELAY          0.476                 23.603  1       
lab2_scanning_inst/lab2_counter_inst/n40[31]
                                                             NET DELAY               0.000                 23.603  1       
lab2_scanning_inst/lab2_counter_inst/count_state__i31/D
                                                             ENDPOINT                0.000                 23.603  1       


Destination Clock Path
Name                                      Cell/Site Name     Delay Name           Incr      Arrival/Required Time  Fanout  
----------------------------------------  -----------------  -------------------  --------  ---------------------  ------  
                                                             CONSTRAINT              0.000                 20.833  1       
hf_osc/CLKHF                              HFOSC_HFOSC_R1C32  CLOCK LATENCY           0.000                 20.833  36      
lab2_scanning_inst/lab2_counter_inst/clk                     NET DELAY               5.499                 26.332  36      
lab2_scanning_inst/lab2_counter_inst/count_state__i31/CK
                                                             CLOCK PIN               0.000                 26.332  1       
                                                             Uncertainty          -(0.000)                 26.332  
                                                             Setup time           -(0.198)                 26.134  
----------------------------------------  -----------------  -------------------  --------  ---------------------  ------  
Required Time                                                                                              26.134  
Arrival Time                                                                                            -(23.602)  
----------------------------------------  -----------------  -------------------  --------  ---------------------  ------  
Path Slack  (Passed)                                                                                        2.531  




++++ Path 2 ++++++++++++++++++++++++++++++++++++++++++++++++++++++++++ 

Path Begin       : lab2_counter_inst/count_state__i0/Q  (SLICE_R13C8A)
Path End         : lab2_counter_inst/count_state__i31/D  (SLICE_R13C11B)
Source Clock     : clk (R)
Destination Clock: clk (R)
Logic Level      : 34
Delay Ratio      : 39.4% (route), 60.6% (logic)
Clock Skew       : 0.000 ns 
Setup Constraint : 20.833 ns 
Path Slack       : 2.531 ns  (Passed)


Source Clock Path
Name                                      Cell/Site Name     Delay Name           Incr      Arrival/Required Time  Fanout  
----------------------------------------  -----------------  -------------------  --------  ---------------------  ------  
hf_osc/CLKHF                              HFOSC_HFOSC_R1C32  CLOCK LATENCY           0.000                  0.000  36      
lab2_scanning_inst/lab2_counter_inst/clk                     NET DELAY               5.499                  5.499  36      
{lab2_counter_inst/count_state__i0/CK   lab2_counter_inst/count_state__i1/CK}
                                                             CLOCK PIN               0.000                  5.499  1       


Data Path
Name                                      Cell/Site Name     Delay Name           Incr      Arrival/Required Time  Fanout  
----------------------------------------  -----------------  -------------------  --------  ---------------------  ------  
lab2_counter_inst/count_state__i0/CK->lab2_counter_inst/count_state__i0/Q
                                          SLICE_R13C8A       CLK_TO_Q0_DELAY         1.388                  6.887  2       
lab2_counter_inst/count_state[0]                             NET DELAY               2.075                  8.962  2       
lab2_counter_inst/add_7_add_5_1/B1->lab2_counter_inst/add_7_add_5_1/CO1
                                          SLICE_R14C8A       B1_TO_COUT1_DELAY       0.357                  9.319  2       
lab2_counter_inst/n1004                                      NET DELAY               0.000                  9.319  2       
lab2_counter_inst/add_7_add_5_3/CI0->lab2_counter_inst/add_7_add_5_3/CO0
                                          SLICE_R14C8B       CIN0_TO_COUT0_DELAY     0.277                  9.596  2       
lab2_counter_inst/n2080                                      NET DELAY               0.000                  9.596  2       
lab2_counter_inst/add_7_add_5_3/CI1->lab2_counter_inst/add_7_add_5_3/CO1
                                          SLICE_R14C8B       CIN1_TO_COUT1_DELAY     0.277                  9.873  2       
lab2_counter_inst/n1006                                      NET DELAY               0.000                  9.873  2       
lab2_counter_inst/add_7_add_5_5/CI0->lab2_counter_inst/add_7_add_5_5/CO0
                                          SLICE_R14C8C       CIN0_TO_COUT0_DELAY     0.277                 10.150  2       
lab2_counter_inst/n2083                                      NET DELAY               0.000                 10.150  2       
lab2_counter_inst/add_7_add_5_5/CI1->lab2_counter_inst/add_7_add_5_5/CO1
                                          SLICE_R14C8C       CIN1_TO_COUT1_DELAY     0.277                 10.427  2       
lab2_counter_inst/n1008                                      NET DELAY               0.000                 10.427  2       
lab2_counter_inst/add_7_add_5_7/CI0->lab2_counter_inst/add_7_add_5_7/CO0
                                          SLICE_R14C8D       CIN0_TO_COUT0_DELAY     0.277                 10.704  2       
lab2_counter_inst/n2086                                      NET DELAY               0.000                 10.704  2       
lab2_counter_inst/add_7_add_5_7/CI1->lab2_counter_inst/add_7_add_5_7/CO1
                                          SLICE_R14C8D       CIN1_TO_COUT1_DELAY     0.277                 10.981  2       
lab2_counter_inst/n1010                                      NET DELAY               0.555                 11.536  2       
lab2_counter_inst/add_7_add_5_9/CI0->lab2_counter_inst/add_7_add_5_9/CO0
                                          SLICE_R14C9A       CIN0_TO_COUT0_DELAY     0.277                 11.813  2       
lab2_counter_inst/n2089                                      NET DELAY               0.000                 11.813  2       
lab2_counter_inst/add_7_add_5_9/CI1->lab2_counter_inst/add_7_add_5_9/CO1
                                          SLICE_R14C9A       CIN1_TO_COUT1_DELAY     0.277                 12.090  2       
lab2_counter_inst/n1012                                      NET DELAY               0.000                 12.090  2       
lab2_counter_inst/add_7_add_5_11/CI0->lab2_counter_inst/add_7_add_5_11/CO0
                                          SLICE_R14C9B       CIN0_TO_COUT0_DELAY     0.277                 12.367  2       
lab2_counter_inst/n2092                                      NET DELAY               0.000                 12.367  2       
lab2_counter_inst/add_7_add_5_11/CI1->lab2_counter_inst/add_7_add_5_11/CO1
                                          SLICE_R14C9B       CIN1_TO_COUT1_DELAY     0.277                 12.644  2       
lab2_counter_inst/n1014                                      NET DELAY               0.000                 12.644  2       
lab2_counter_inst/add_7_add_5_13/CI0->lab2_counter_inst/add_7_add_5_13/CO0
                                          SLICE_R14C9C       CIN0_TO_COUT0_DELAY     0.277                 12.921  2       
lab2_counter_inst/n2095                                      NET DELAY               0.000                 12.921  2       
lab2_counter_inst/add_7_add_5_13/CI1->lab2_counter_inst/add_7_add_5_13/CO1
                                          SLICE_R14C9C       CIN1_TO_COUT1_DELAY     0.277                 13.198  2       
lab2_counter_inst/n1016                                      NET DELAY               0.000                 13.198  2       
lab2_counter_inst/add_7_add_5_15/CI0->lab2_counter_inst/add_7_add_5_15/CO0
                                          SLICE_R14C9D       CIN0_TO_COUT0_DELAY     0.277                 13.475  2       
lab2_counter_inst/n2098                                      NET DELAY               0.000                 13.475  2       
lab2_counter_inst/add_7_add_5_15/CI1->lab2_counter_inst/add_7_add_5_15/CO1
                                          SLICE_R14C9D       CIN1_TO_COUT1_DELAY     0.277                 13.752  2       
lab2_counter_inst/n1018                                      NET DELAY               0.555                 14.307  2       
lab2_counter_inst/add_7_add_5_17/CI0->lab2_counter_inst/add_7_add_5_17/CO0
                                          SLICE_R14C10A      CIN0_TO_COUT0_DELAY     0.277                 14.584  2       
lab2_counter_inst/n2101                                      NET DELAY               0.000                 14.584  2       
lab2_counter_inst/add_7_add_5_17/CI1->lab2_counter_inst/add_7_add_5_17/CO1
                                          SLICE_R14C10A      CIN1_TO_COUT1_DELAY     0.277                 14.861  2       
lab2_counter_inst/n1020                                      NET DELAY               0.000                 14.861  2       
lab2_counter_inst/add_7_add_5_19/CI0->lab2_counter_inst/add_7_add_5_19/CO0
                                          SLICE_R14C10B      CIN0_TO_COUT0_DELAY     0.277                 15.138  2       
lab2_counter_inst/n2104                                      NET DELAY               0.000                 15.138  2       
lab2_counter_inst/add_7_add_5_19/CI1->lab2_counter_inst/add_7_add_5_19/CO1
                                          SLICE_R14C10B      CIN1_TO_COUT1_DELAY     0.277                 15.415  2       
lab2_counter_inst/n1022                                      NET DELAY               0.000                 15.415  2       
lab2_counter_inst/add_7_add_5_21/CI0->lab2_counter_inst/add_7_add_5_21/CO0
                                          SLICE_R14C10C      CIN0_TO_COUT0_DELAY     0.277                 15.692  2       
lab2_counter_inst/n2107                                      NET DELAY               0.000                 15.692  2       
lab2_counter_inst/add_7_add_5_21/CI1->lab2_counter_inst/add_7_add_5_21/CO1
                                          SLICE_R14C10C      CIN1_TO_COUT1_DELAY     0.277                 15.969  2       
lab2_counter_inst/n1024                                      NET DELAY               0.000                 15.969  2       
lab2_counter_inst/add_7_add_5_23/CI0->lab2_counter_inst/add_7_add_5_23/CO0
                                          SLICE_R14C10D      CIN0_TO_COUT0_DELAY     0.277                 16.246  2       
lab2_counter_inst/n2110                                      NET DELAY               0.000                 16.246  2       
lab2_counter_inst/add_7_add_5_23/CI1->lab2_counter_inst/add_7_add_5_23/CO1
                                          SLICE_R14C10D      CIN1_TO_COUT1_DELAY     0.277                 16.523  2       
lab2_counter_inst/n1026                                      NET DELAY               0.555                 17.078  2       
lab2_counter_inst/add_7_add_5_25/CI0->lab2_counter_inst/add_7_add_5_25/CO0
                                          SLICE_R14C11A      CIN0_TO_COUT0_DELAY     0.277                 17.355  2       
lab2_counter_inst/n2116                                      NET DELAY               0.000                 17.355  2       
lab2_counter_inst/add_7_add_5_25/CI1->lab2_counter_inst/add_7_add_5_25/CO1
                                          SLICE_R14C11A      CIN1_TO_COUT1_DELAY     0.277                 17.632  2       
lab2_counter_inst/n1028                                      NET DELAY               0.000                 17.632  2       
lab2_counter_inst/add_7_add_5_27/CI0->lab2_counter_inst/add_7_add_5_27/CO0
                                          SLICE_R14C11B      CIN0_TO_COUT0_DELAY     0.277                 17.909  2       
lab2_counter_inst/n2119                                      NET DELAY               0.000                 17.909  2       
lab2_counter_inst/add_7_add_5_27/CI1->lab2_counter_inst/add_7_add_5_27/CO1
                                          SLICE_R14C11B      CIN1_TO_COUT1_DELAY     0.277                 18.186  2       
lab2_counter_inst/n1030                                      NET DELAY               0.000                 18.186  2       
lab2_counter_inst/add_7_add_5_29/CI0->lab2_counter_inst/add_7_add_5_29/CO0
                                          SLICE_R14C11C      CIN0_TO_COUT0_DELAY     0.277                 18.463  2       
lab2_counter_inst/n2122                                      NET DELAY               0.000                 18.463  2       
lab2_counter_inst/add_7_add_5_29/CI1->lab2_counter_inst/add_7_add_5_29/CO1
                                          SLICE_R14C11C      CIN1_TO_COUT1_DELAY     0.277                 18.740  2       
lab2_counter_inst/n1032                                      NET DELAY               0.000                 18.740  2       
lab2_counter_inst/add_7_add_5_31/CI0->lab2_counter_inst/add_7_add_5_31/CO0
                                          SLICE_R14C11D      CIN0_TO_COUT0_DELAY     0.277                 19.017  2       
lab2_counter_inst/n2125                                      NET DELAY               0.000                 19.017  2       
lab2_counter_inst/add_7_add_5_31/CI1->lab2_counter_inst/add_7_add_5_31/CO1
                                          SLICE_R14C11D      CIN1_TO_COUT1_DELAY     0.277                 19.294  2       
lab2_counter_inst/n1034                                      NET DELAY               1.216                 20.510  2       
lab2_counter_inst/add_7_add_5_33/D0->lab2_counter_inst/add_7_add_5_33/S0
                                          SLICE_R14C12A      D0_TO_F0_DELAY          0.449                 20.959  1       
lab2_counter_inst/n167[31]                                   NET DELAY               2.168                 23.127  1       
lab2_counter_inst/i555_2_lut/A->lab2_counter_inst/i555_2_lut/Z
                                          SLICE_R13C11B      D0_TO_F0_DELAY          0.476                 23.603  1       
lab2_counter_inst/n40[31]                                    NET DELAY               0.000                 23.603  1       
lab2_counter_inst/count_state__i31/D                         ENDPOINT                0.000                 23.603  1       


Destination Clock Path
Name                                      Cell/Site Name     Delay Name           Incr      Arrival/Required Time  Fanout  
----------------------------------------  -----------------  -------------------  --------  ---------------------  ------  
                                                             CONSTRAINT              0.000                 20.833  1       
hf_osc/CLKHF                              HFOSC_HFOSC_R1C32  CLOCK LATENCY           0.000                 20.833  36      
lab2_scanning_inst/lab2_counter_inst/clk                     NET DELAY               5.499                 26.332  36      
{lab2_counter_inst/count_state__i31/CK   lab2_counter_inst/count_state__i30/CK}
                                                             CLOCK PIN               0.000                 26.332  1       
                                                             Uncertainty          -(0.000)                 26.332  
                                                             Setup time           -(0.198)                 26.134  
----------------------------------------  -----------------  -------------------  --------  ---------------------  ------  
Required Time                                                                                              26.134  
Arrival Time                                                                                            -(23.602)  
----------------------------------------  -----------------  -------------------  --------  ---------------------  ------  
Path Slack  (Passed)                                                                                        2.531  




++++ Path 3 ++++++++++++++++++++++++++++++++++++++++++++++++++++++++++ 

Path Begin       : lab2_scanning_inst/lab2_counter_inst/count_state__i0/Q  (SLICE_R13C4B)
Path End         : lab2_scanning_inst/lab2_counter_inst/count_state__i30/D  (SLICE_R13C6A)
Source Clock     : clk (R)
Destination Clock: clk (R)
Logic Level      : 33
Delay Ratio      : 38.0% (route), 62.0% (logic)
Clock Skew       : 0.000 ns 
Setup Constraint : 20.833 ns 
Path Slack       : 3.363 ns  (Passed)


Source Clock Path
Name                                      Cell/Site Name     Delay Name           Incr      Arrival/Required Time  Fanout  
----------------------------------------  -----------------  -------------------  --------  ---------------------  ------  
hf_osc/CLKHF                              HFOSC_HFOSC_R1C32  CLOCK LATENCY           0.000                  0.000  36      
lab2_scanning_inst/lab2_counter_inst/clk                     NET DELAY               5.499                  5.499  36      
{lab2_scanning_inst/lab2_counter_inst/count_state__i0/CK   lab2_scanning_inst/lab2_counter_inst/count_state__i1/CK}
                                                             CLOCK PIN               0.000                  5.499  1       


Data Path
Name                                      Cell/Site Name     Delay Name           Incr      Arrival/Required Time  Fanout  
----------------------------------------  -----------------  -------------------  --------  ---------------------  ------  
lab2_scanning_inst/lab2_counter_inst/count_state__i0/CK->lab2_scanning_inst/lab2_counter_inst/count_state__i0/Q
                                          SLICE_R13C4B       CLK_TO_Q0_DELAY         1.388                  6.887  2       
lab2_scanning_inst/lab2_counter_inst/counter[0]
                                                             NET DELAY               2.075                  8.962  2       
lab2_scanning_inst/lab2_counter_inst/add_7_add_5_1/B1->lab2_scanning_inst/lab2_counter_inst/add_7_add_5_1/CO1
                                          SLICE_R14C3A       B1_TO_COUT1_DELAY       0.357                  9.319  2       
lab2_scanning_inst/lab2_counter_inst/n1037
                                                             NET DELAY               0.000                  9.319  2       
lab2_scanning_inst/lab2_counter_inst/add_7_add_5_3/CI0->lab2_scanning_inst/lab2_counter_inst/add_7_add_5_3/CO0
                                          SLICE_R14C3B       CIN0_TO_COUT0_DELAY     0.277                  9.596  2       
lab2_scanning_inst/lab2_counter_inst/n2131
                                                             NET DELAY               0.000                  9.596  2       
lab2_scanning_inst/lab2_counter_inst/add_7_add_5_3/CI1->lab2_scanning_inst/lab2_counter_inst/add_7_add_5_3/CO1
                                          SLICE_R14C3B       CIN1_TO_COUT1_DELAY     0.277                  9.873  2       
lab2_scanning_inst/lab2_counter_inst/n1039
                                                             NET DELAY               0.000                  9.873  2       
lab2_scanning_inst/lab2_counter_inst/add_7_add_5_5/CI0->lab2_scanning_inst/lab2_counter_inst/add_7_add_5_5/CO0
                                          SLICE_R14C3C       CIN0_TO_COUT0_DELAY     0.277                 10.150  2       
lab2_scanning_inst/lab2_counter_inst/n2134
                                                             NET DELAY               0.000                 10.150  2       
lab2_scanning_inst/lab2_counter_inst/add_7_add_5_5/CI1->lab2_scanning_inst/lab2_counter_inst/add_7_add_5_5/CO1
                                          SLICE_R14C3C       CIN1_TO_COUT1_DELAY     0.277                 10.427  2       
lab2_scanning_inst/lab2_counter_inst/n1041
                                                             NET DELAY               0.000                 10.427  2       
lab2_scanning_inst/lab2_counter_inst/add_7_add_5_7/CI0->lab2_scanning_inst/lab2_counter_inst/add_7_add_5_7/CO0
                                          SLICE_R14C3D       CIN0_TO_COUT0_DELAY     0.277                 10.704  2       
lab2_scanning_inst/lab2_counter_inst/n2137
                                                             NET DELAY               0.000                 10.704  2       
lab2_scanning_inst/lab2_counter_inst/add_7_add_5_7/CI1->lab2_scanning_inst/lab2_counter_inst/add_7_add_5_7/CO1
                                          SLICE_R14C3D       CIN1_TO_COUT1_DELAY     0.277                 10.981  2       
lab2_scanning_inst/lab2_counter_inst/n1043
                                                             NET DELAY               0.555                 11.536  2       
lab2_scanning_inst/lab2_counter_inst/add_7_add_5_9/CI0->lab2_scanning_inst/lab2_counter_inst/add_7_add_5_9/CO0
                                          SLICE_R14C4A       CIN0_TO_COUT0_DELAY     0.277                 11.813  2       
lab2_scanning_inst/lab2_counter_inst/n2140
                                                             NET DELAY               0.000                 11.813  2       
lab2_scanning_inst/lab2_counter_inst/add_7_add_5_9/CI1->lab2_scanning_inst/lab2_counter_inst/add_7_add_5_9/CO1
                                          SLICE_R14C4A       CIN1_TO_COUT1_DELAY     0.277                 12.090  2       
lab2_scanning_inst/lab2_counter_inst/n1045
                                                             NET DELAY               0.000                 12.090  2       
lab2_scanning_inst/lab2_counter_inst/add_7_add_5_11/CI0->lab2_scanning_inst/lab2_counter_inst/add_7_add_5_11/CO0
                                          SLICE_R14C4B       CIN0_TO_COUT0_DELAY     0.277                 12.367  2       
lab2_scanning_inst/lab2_counter_inst/n2143
                                                             NET DELAY               0.000                 12.367  2       
lab2_scanning_inst/lab2_counter_inst/add_7_add_5_11/CI1->lab2_scanning_inst/lab2_counter_inst/add_7_add_5_11/CO1
                                          SLICE_R14C4B       CIN1_TO_COUT1_DELAY     0.277                 12.644  2       
lab2_scanning_inst/lab2_counter_inst/n1047
                                                             NET DELAY               0.000                 12.644  2       
lab2_scanning_inst/lab2_counter_inst/add_7_add_5_13/CI0->lab2_scanning_inst/lab2_counter_inst/add_7_add_5_13/CO0
                                          SLICE_R14C4C       CIN0_TO_COUT0_DELAY     0.277                 12.921  2       
lab2_scanning_inst/lab2_counter_inst/n2146
                                                             NET DELAY               0.000                 12.921  2       
lab2_scanning_inst/lab2_counter_inst/add_7_add_5_13/CI1->lab2_scanning_inst/lab2_counter_inst/add_7_add_5_13/CO1
                                          SLICE_R14C4C       CIN1_TO_COUT1_DELAY     0.277                 13.198  2       
lab2_scanning_inst/lab2_counter_inst/n1049
                                                             NET DELAY               0.000                 13.198  2       
lab2_scanning_inst/lab2_counter_inst/add_7_add_5_15/CI0->lab2_scanning_inst/lab2_counter_inst/add_7_add_5_15/CO0
                                          SLICE_R14C4D       CIN0_TO_COUT0_DELAY     0.277                 13.475  2       
lab2_scanning_inst/lab2_counter_inst/n2149
                                                             NET DELAY               0.000                 13.475  2       
lab2_scanning_inst/lab2_counter_inst/add_7_add_5_15/CI1->lab2_scanning_inst/lab2_counter_inst/add_7_add_5_15/CO1
                                          SLICE_R14C4D       CIN1_TO_COUT1_DELAY     0.277                 13.752  2       
lab2_scanning_inst/lab2_counter_inst/n1051
                                                             NET DELAY               0.555                 14.307  2       
lab2_scanning_inst/lab2_counter_inst/add_7_add_5_17/CI0->lab2_scanning_inst/lab2_counter_inst/add_7_add_5_17/CO0
                                          SLICE_R14C5A       CIN0_TO_COUT0_DELAY     0.277                 14.584  2       
lab2_scanning_inst/lab2_counter_inst/n2152
                                                             NET DELAY               0.000                 14.584  2       
lab2_scanning_inst/lab2_counter_inst/add_7_add_5_17/CI1->lab2_scanning_inst/lab2_counter_inst/add_7_add_5_17/CO1
                                          SLICE_R14C5A       CIN1_TO_COUT1_DELAY     0.277                 14.861  2       
lab2_scanning_inst/lab2_counter_inst/n1053
                                                             NET DELAY               0.000                 14.861  2       
lab2_scanning_inst/lab2_counter_inst/add_7_add_5_19/CI0->lab2_scanning_inst/lab2_counter_inst/add_7_add_5_19/CO0
                                          SLICE_R14C5B       CIN0_TO_COUT0_DELAY     0.277                 15.138  2       
lab2_scanning_inst/lab2_counter_inst/n2155
                                                             NET DELAY               0.000                 15.138  2       
lab2_scanning_inst/lab2_counter_inst/add_7_add_5_19/CI1->lab2_scanning_inst/lab2_counter_inst/add_7_add_5_19/CO1
                                          SLICE_R14C5B       CIN1_TO_COUT1_DELAY     0.277                 15.415  2       
lab2_scanning_inst/lab2_counter_inst/n1055
                                                             NET DELAY               0.000                 15.415  2       
lab2_scanning_inst/lab2_counter_inst/add_7_add_5_21/CI0->lab2_scanning_inst/lab2_counter_inst/add_7_add_5_21/CO0
                                          SLICE_R14C5C       CIN0_TO_COUT0_DELAY     0.277                 15.692  2       
lab2_scanning_inst/lab2_counter_inst/n2158
                                                             NET DELAY               0.000                 15.692  2       
lab2_scanning_inst/lab2_counter_inst/add_7_add_5_21/CI1->lab2_scanning_inst/lab2_counter_inst/add_7_add_5_21/CO1
                                          SLICE_R14C5C       CIN1_TO_COUT1_DELAY     0.277                 15.969  2       
lab2_scanning_inst/lab2_counter_inst/n1057
                                                             NET DELAY               0.000                 15.969  2       
lab2_scanning_inst/lab2_counter_inst/add_7_add_5_23/CI0->lab2_scanning_inst/lab2_counter_inst/add_7_add_5_23/CO0
                                          SLICE_R14C5D       CIN0_TO_COUT0_DELAY     0.277                 16.246  2       
lab2_scanning_inst/lab2_counter_inst/n2161
                                                             NET DELAY               0.000                 16.246  2       
lab2_scanning_inst/lab2_counter_inst/add_7_add_5_23/CI1->lab2_scanning_inst/lab2_counter_inst/add_7_add_5_23/CO1
                                          SLICE_R14C5D       CIN1_TO_COUT1_DELAY     0.277                 16.523  2       
lab2_scanning_inst/lab2_counter_inst/n1059
                                                             NET DELAY               0.555                 17.078  2       
lab2_scanning_inst/lab2_counter_inst/add_7_add_5_25/CI0->lab2_scanning_inst/lab2_counter_inst/add_7_add_5_25/CO0
                                          SLICE_R14C6A       CIN0_TO_COUT0_DELAY     0.277                 17.355  2       
lab2_scanning_inst/lab2_counter_inst/n2164
                                                             NET DELAY               0.000                 17.355  2       
lab2_scanning_inst/lab2_counter_inst/add_7_add_5_25/CI1->lab2_scanning_inst/lab2_counter_inst/add_7_add_5_25/CO1
                                          SLICE_R14C6A       CIN1_TO_COUT1_DELAY     0.277                 17.632  2       
lab2_scanning_inst/lab2_counter_inst/n1061
                                                             NET DELAY               0.000                 17.632  2       
lab2_scanning_inst/lab2_counter_inst/add_7_add_5_27/CI0->lab2_scanning_inst/lab2_counter_inst/add_7_add_5_27/CO0
                                          SLICE_R14C6B       CIN0_TO_COUT0_DELAY     0.277                 17.909  2       
lab2_scanning_inst/lab2_counter_inst/n2167
                                                             NET DELAY               0.000                 17.909  2       
lab2_scanning_inst/lab2_counter_inst/add_7_add_5_27/CI1->lab2_scanning_inst/lab2_counter_inst/add_7_add_5_27/CO1
                                          SLICE_R14C6B       CIN1_TO_COUT1_DELAY     0.277                 18.186  2       
lab2_scanning_inst/lab2_counter_inst/n1063
                                                             NET DELAY               0.000                 18.186  2       
lab2_scanning_inst/lab2_counter_inst/add_7_add_5_29/CI0->lab2_scanning_inst/lab2_counter_inst/add_7_add_5_29/CO0
                                          SLICE_R14C6C       CIN0_TO_COUT0_DELAY     0.277                 18.463  2       
lab2_scanning_inst/lab2_counter_inst/n2170
                                                             NET DELAY               0.000                 18.463  2       
lab2_scanning_inst/lab2_counter_inst/add_7_add_5_29/CI1->lab2_scanning_inst/lab2_counter_inst/add_7_add_5_29/CO1
                                          SLICE_R14C6C       CIN1_TO_COUT1_DELAY     0.277                 18.740  2       
lab2_scanning_inst/lab2_counter_inst/n1065
                                                             NET DELAY               0.000                 18.740  2       
lab2_scanning_inst/lab2_counter_inst/add_7_add_5_31/CI0->lab2_scanning_inst/lab2_counter_inst/add_7_add_5_31/CO0
                                          SLICE_R14C6D       CIN0_TO_COUT0_DELAY     0.277                 19.017  2       
lab2_scanning_inst/lab2_counter_inst/n2173
                                                             NET DELAY               0.661                 19.678  2       
lab2_scanning_inst/lab2_counter_inst/add_7_add_5_31/D1->lab2_scanning_inst/lab2_counter_inst/add_7_add_5_31/S1
                                          SLICE_R14C6D       D1_TO_F1_DELAY          0.449                 20.127  1       
lab2_scanning_inst/lab2_counter_inst/n167[30]
                                                             NET DELAY               2.168                 22.295  1       
lab2_scanning_inst/lab2_counter_inst/i647_2_lut/A->lab2_scanning_inst/lab2_counter_inst/i647_2_lut/Z
                                          SLICE_R13C6A       D1_TO_F1_DELAY          0.476                 22.771  1       
lab2_scanning_inst/lab2_counter_inst/n40[30]
                                                             NET DELAY               0.000                 22.771  1       
lab2_scanning_inst/lab2_counter_inst/count_state__i30/D
                                                             ENDPOINT                0.000                 22.771  1       


Destination Clock Path
Name                                      Cell/Site Name     Delay Name           Incr      Arrival/Required Time  Fanout  
----------------------------------------  -----------------  -------------------  --------  ---------------------  ------  
                                                             CONSTRAINT              0.000                 20.833  1       
hf_osc/CLKHF                              HFOSC_HFOSC_R1C32  CLOCK LATENCY           0.000                 20.833  36      
lab2_scanning_inst/lab2_counter_inst/clk                     NET DELAY               5.499                 26.332  36      
{lab2_scanning_inst/lab2_counter_inst/count_state__i29/CK   lab2_scanning_inst/lab2_counter_inst/count_state__i30/CK}
                                                             CLOCK PIN               0.000                 26.332  1       
                                                             Uncertainty          -(0.000)                 26.332  
                                                             Setup time           -(0.198)                 26.134  
----------------------------------------  -----------------  -------------------  --------  ---------------------  ------  
Required Time                                                                                              26.134  
Arrival Time                                                                                            -(22.770)  
----------------------------------------  -----------------  -------------------  --------  ---------------------  ------  
Path Slack  (Passed)                                                                                        3.363  




++++ Path 4 ++++++++++++++++++++++++++++++++++++++++++++++++++++++++++ 

Path Begin       : lab2_counter_inst/count_state__i0/Q  (SLICE_R13C8A)
Path End         : lab2_counter_inst/count_state__i30/D  (SLICE_R13C11B)
Source Clock     : clk (R)
Destination Clock: clk (R)
Logic Level      : 33
Delay Ratio      : 38.0% (route), 62.0% (logic)
Clock Skew       : 0.000 ns 
Setup Constraint : 20.833 ns 
Path Slack       : 3.363 ns  (Passed)


Source Clock Path
Name                                      Cell/Site Name     Delay Name           Incr      Arrival/Required Time  Fanout  
----------------------------------------  -----------------  -------------------  --------  ---------------------  ------  
hf_osc/CLKHF                              HFOSC_HFOSC_R1C32  CLOCK LATENCY           0.000                  0.000  36      
lab2_scanning_inst/lab2_counter_inst/clk                     NET DELAY               5.499                  5.499  36      
{lab2_counter_inst/count_state__i0/CK   lab2_counter_inst/count_state__i1/CK}
                                                             CLOCK PIN               0.000                  5.499  1       


Data Path
Name                                      Cell/Site Name     Delay Name           Incr      Arrival/Required Time  Fanout  
----------------------------------------  -----------------  -------------------  --------  ---------------------  ------  
lab2_counter_inst/count_state__i0/CK->lab2_counter_inst/count_state__i0/Q
                                          SLICE_R13C8A       CLK_TO_Q0_DELAY         1.388                  6.887  2       
lab2_counter_inst/count_state[0]                             NET DELAY               2.075                  8.962  2       
lab2_counter_inst/add_7_add_5_1/B1->lab2_counter_inst/add_7_add_5_1/CO1
                                          SLICE_R14C8A       B1_TO_COUT1_DELAY       0.357                  9.319  2       
lab2_counter_inst/n1004                                      NET DELAY               0.000                  9.319  2       
lab2_counter_inst/add_7_add_5_3/CI0->lab2_counter_inst/add_7_add_5_3/CO0
                                          SLICE_R14C8B       CIN0_TO_COUT0_DELAY     0.277                  9.596  2       
lab2_counter_inst/n2080                                      NET DELAY               0.000                  9.596  2       
lab2_counter_inst/add_7_add_5_3/CI1->lab2_counter_inst/add_7_add_5_3/CO1
                                          SLICE_R14C8B       CIN1_TO_COUT1_DELAY     0.277                  9.873  2       
lab2_counter_inst/n1006                                      NET DELAY               0.000                  9.873  2       
lab2_counter_inst/add_7_add_5_5/CI0->lab2_counter_inst/add_7_add_5_5/CO0
                                          SLICE_R14C8C       CIN0_TO_COUT0_DELAY     0.277                 10.150  2       
lab2_counter_inst/n2083                                      NET DELAY               0.000                 10.150  2       
lab2_counter_inst/add_7_add_5_5/CI1->lab2_counter_inst/add_7_add_5_5/CO1
                                          SLICE_R14C8C       CIN1_TO_COUT1_DELAY     0.277                 10.427  2       
lab2_counter_inst/n1008                                      NET DELAY               0.000                 10.427  2       
lab2_counter_inst/add_7_add_5_7/CI0->lab2_counter_inst/add_7_add_5_7/CO0
                                          SLICE_R14C8D       CIN0_TO_COUT0_DELAY     0.277                 10.704  2       
lab2_counter_inst/n2086                                      NET DELAY               0.000                 10.704  2       
lab2_counter_inst/add_7_add_5_7/CI1->lab2_counter_inst/add_7_add_5_7/CO1
                                          SLICE_R14C8D       CIN1_TO_COUT1_DELAY     0.277                 10.981  2       
lab2_counter_inst/n1010                                      NET DELAY               0.555                 11.536  2       
lab2_counter_inst/add_7_add_5_9/CI0->lab2_counter_inst/add_7_add_5_9/CO0
                                          SLICE_R14C9A       CIN0_TO_COUT0_DELAY     0.277                 11.813  2       
lab2_counter_inst/n2089                                      NET DELAY               0.000                 11.813  2       
lab2_counter_inst/add_7_add_5_9/CI1->lab2_counter_inst/add_7_add_5_9/CO1
                                          SLICE_R14C9A       CIN1_TO_COUT1_DELAY     0.277                 12.090  2       
lab2_counter_inst/n1012                                      NET DELAY               0.000                 12.090  2       
lab2_counter_inst/add_7_add_5_11/CI0->lab2_counter_inst/add_7_add_5_11/CO0
                                          SLICE_R14C9B       CIN0_TO_COUT0_DELAY     0.277                 12.367  2       
lab2_counter_inst/n2092                                      NET DELAY               0.000                 12.367  2       
lab2_counter_inst/add_7_add_5_11/CI1->lab2_counter_inst/add_7_add_5_11/CO1
                                          SLICE_R14C9B       CIN1_TO_COUT1_DELAY     0.277                 12.644  2       
lab2_counter_inst/n1014                                      NET DELAY               0.000                 12.644  2       
lab2_counter_inst/add_7_add_5_13/CI0->lab2_counter_inst/add_7_add_5_13/CO0
                                          SLICE_R14C9C       CIN0_TO_COUT0_DELAY     0.277                 12.921  2       
lab2_counter_inst/n2095                                      NET DELAY               0.000                 12.921  2       
lab2_counter_inst/add_7_add_5_13/CI1->lab2_counter_inst/add_7_add_5_13/CO1
                                          SLICE_R14C9C       CIN1_TO_COUT1_DELAY     0.277                 13.198  2       
lab2_counter_inst/n1016                                      NET DELAY               0.000                 13.198  2       
lab2_counter_inst/add_7_add_5_15/CI0->lab2_counter_inst/add_7_add_5_15/CO0
                                          SLICE_R14C9D       CIN0_TO_COUT0_DELAY     0.277                 13.475  2       
lab2_counter_inst/n2098                                      NET DELAY               0.000                 13.475  2       
lab2_counter_inst/add_7_add_5_15/CI1->lab2_counter_inst/add_7_add_5_15/CO1
                                          SLICE_R14C9D       CIN1_TO_COUT1_DELAY     0.277                 13.752  2       
lab2_counter_inst/n1018                                      NET DELAY               0.555                 14.307  2       
lab2_counter_inst/add_7_add_5_17/CI0->lab2_counter_inst/add_7_add_5_17/CO0
                                          SLICE_R14C10A      CIN0_TO_COUT0_DELAY     0.277                 14.584  2       
lab2_counter_inst/n2101                                      NET DELAY               0.000                 14.584  2       
lab2_counter_inst/add_7_add_5_17/CI1->lab2_counter_inst/add_7_add_5_17/CO1
                                          SLICE_R14C10A      CIN1_TO_COUT1_DELAY     0.277                 14.861  2       
lab2_counter_inst/n1020                                      NET DELAY               0.000                 14.861  2       
lab2_counter_inst/add_7_add_5_19/CI0->lab2_counter_inst/add_7_add_5_19/CO0
                                          SLICE_R14C10B      CIN0_TO_COUT0_DELAY     0.277                 15.138  2       
lab2_counter_inst/n2104                                      NET DELAY               0.000                 15.138  2       
lab2_counter_inst/add_7_add_5_19/CI1->lab2_counter_inst/add_7_add_5_19/CO1
                                          SLICE_R14C10B      CIN1_TO_COUT1_DELAY     0.277                 15.415  2       
lab2_counter_inst/n1022                                      NET DELAY               0.000                 15.415  2       
lab2_counter_inst/add_7_add_5_21/CI0->lab2_counter_inst/add_7_add_5_21/CO0
                                          SLICE_R14C10C      CIN0_TO_COUT0_DELAY     0.277                 15.692  2       
lab2_counter_inst/n2107                                      NET DELAY               0.000                 15.692  2       
lab2_counter_inst/add_7_add_5_21/CI1->lab2_counter_inst/add_7_add_5_21/CO1
                                          SLICE_R14C10C      CIN1_TO_COUT1_DELAY     0.277                 15.969  2       
lab2_counter_inst/n1024                                      NET DELAY               0.000                 15.969  2       
lab2_counter_inst/add_7_add_5_23/CI0->lab2_counter_inst/add_7_add_5_23/CO0
                                          SLICE_R14C10D      CIN0_TO_COUT0_DELAY     0.277                 16.246  2       
lab2_counter_inst/n2110                                      NET DELAY               0.000                 16.246  2       
lab2_counter_inst/add_7_add_5_23/CI1->lab2_counter_inst/add_7_add_5_23/CO1
                                          SLICE_R14C10D      CIN1_TO_COUT1_DELAY     0.277                 16.523  2       
lab2_counter_inst/n1026                                      NET DELAY               0.555                 17.078  2       
lab2_counter_inst/add_7_add_5_25/CI0->lab2_counter_inst/add_7_add_5_25/CO0
                                          SLICE_R14C11A      CIN0_TO_COUT0_DELAY     0.277                 17.355  2       
lab2_counter_inst/n2116                                      NET DELAY               0.000                 17.355  2       
lab2_counter_inst/add_7_add_5_25/CI1->lab2_counter_inst/add_7_add_5_25/CO1
                                          SLICE_R14C11A      CIN1_TO_COUT1_DELAY     0.277                 17.632  2       
lab2_counter_inst/n1028                                      NET DELAY               0.000                 17.632  2       
lab2_counter_inst/add_7_add_5_27/CI0->lab2_counter_inst/add_7_add_5_27/CO0
                                          SLICE_R14C11B      CIN0_TO_COUT0_DELAY     0.277                 17.909  2       
lab2_counter_inst/n2119                                      NET DELAY               0.000                 17.909  2       
lab2_counter_inst/add_7_add_5_27/CI1->lab2_counter_inst/add_7_add_5_27/CO1
                                          SLICE_R14C11B      CIN1_TO_COUT1_DELAY     0.277                 18.186  2       
lab2_counter_inst/n1030                                      NET DELAY               0.000                 18.186  2       
lab2_counter_inst/add_7_add_5_29/CI0->lab2_counter_inst/add_7_add_5_29/CO0
                                          SLICE_R14C11C      CIN0_TO_COUT0_DELAY     0.277                 18.463  2       
lab2_counter_inst/n2122                                      NET DELAY               0.000                 18.463  2       
lab2_counter_inst/add_7_add_5_29/CI1->lab2_counter_inst/add_7_add_5_29/CO1
                                          SLICE_R14C11C      CIN1_TO_COUT1_DELAY     0.277                 18.740  2       
lab2_counter_inst/n1032                                      NET DELAY               0.000                 18.740  2       
lab2_counter_inst/add_7_add_5_31/CI0->lab2_counter_inst/add_7_add_5_31/CO0
                                          SLICE_R14C11D      CIN0_TO_COUT0_DELAY     0.277                 19.017  2       
lab2_counter_inst/n2125                                      NET DELAY               0.661                 19.678  2       
lab2_counter_inst/add_7_add_5_31/D1->lab2_counter_inst/add_7_add_5_31/S1
                                          SLICE_R14C11D      D1_TO_F1_DELAY          0.449                 20.127  1       
lab2_counter_inst/n167[30]                                   NET DELAY               2.168                 22.295  1       
lab2_counter_inst/i557_2_lut/A->lab2_counter_inst/i557_2_lut/Z
                                          SLICE_R13C11B      D1_TO_F1_DELAY          0.476                 22.771  1       
lab2_counter_inst/n40[30]                                    NET DELAY               0.000                 22.771  1       
lab2_counter_inst/count_state__i30/D                         ENDPOINT                0.000                 22.771  1       


Destination Clock Path
Name                                      Cell/Site Name     Delay Name           Incr      Arrival/Required Time  Fanout  
----------------------------------------  -----------------  -------------------  --------  ---------------------  ------  
                                                             CONSTRAINT              0.000                 20.833  1       
hf_osc/CLKHF                              HFOSC_HFOSC_R1C32  CLOCK LATENCY           0.000                 20.833  36      
lab2_scanning_inst/lab2_counter_inst/clk                     NET DELAY               5.499                 26.332  36      
{lab2_counter_inst/count_state__i31/CK   lab2_counter_inst/count_state__i30/CK}
                                                             CLOCK PIN               0.000                 26.332  1       
                                                             Uncertainty          -(0.000)                 26.332  
                                                             Setup time           -(0.198)                 26.134  
----------------------------------------  -----------------  -------------------  --------  ---------------------  ------  
Required Time                                                                                              26.134  
Arrival Time                                                                                            -(22.770)  
----------------------------------------  -----------------  -------------------  --------  ---------------------  ------  
Path Slack  (Passed)                                                                                        3.363  




++++ Path 5 ++++++++++++++++++++++++++++++++++++++++++++++++++++++++++ 

Path Begin       : lab2_counter_inst/count_state__i0/Q  (SLICE_R13C8A)
Path End         : lab2_counter_inst/count_state__i26/D  (SLICE_R13C11A)
Source Clock     : clk (R)
Destination Clock: clk (R)
Logic Level      : 29
Delay Ratio      : 43.6% (route), 56.4% (logic)
Clock Skew       : 0.000 ns 
Setup Constraint : 20.833 ns 
Path Slack       : 3.612 ns  (Passed)


Source Clock Path
Name                                      Cell/Site Name     Delay Name           Incr      Arrival/Required Time  Fanout  
----------------------------------------  -----------------  -------------------  --------  ---------------------  ------  
hf_osc/CLKHF                              HFOSC_HFOSC_R1C32  CLOCK LATENCY           0.000                  0.000  36      
lab2_scanning_inst/lab2_counter_inst/clk                     NET DELAY               5.499                  5.499  36      
{lab2_counter_inst/count_state__i0/CK   lab2_counter_inst/count_state__i1/CK}
                                                             CLOCK PIN               0.000                  5.499  1       


Data Path
Name                                      Cell/Site Name     Delay Name           Incr      Arrival/Required Time  Fanout  
----------------------------------------  -----------------  -------------------  --------  ---------------------  ------  
lab2_counter_inst/count_state__i0/CK->lab2_counter_inst/count_state__i0/Q
                                          SLICE_R13C8A       CLK_TO_Q0_DELAY         1.388                  6.887  2       
lab2_counter_inst/count_state[0]                             NET DELAY               2.075                  8.962  2       
lab2_counter_inst/add_7_add_5_1/B1->lab2_counter_inst/add_7_add_5_1/CO1
                                          SLICE_R14C8A       B1_TO_COUT1_DELAY       0.357                  9.319  2       
lab2_counter_inst/n1004                                      NET DELAY               0.000                  9.319  2       
lab2_counter_inst/add_7_add_5_3/CI0->lab2_counter_inst/add_7_add_5_3/CO0
                                          SLICE_R14C8B       CIN0_TO_COUT0_DELAY     0.277                  9.596  2       
lab2_counter_inst/n2080                                      NET DELAY               0.000                  9.596  2       
lab2_counter_inst/add_7_add_5_3/CI1->lab2_counter_inst/add_7_add_5_3/CO1
                                          SLICE_R14C8B       CIN1_TO_COUT1_DELAY     0.277                  9.873  2       
lab2_counter_inst/n1006                                      NET DELAY               0.000                  9.873  2       
lab2_counter_inst/add_7_add_5_5/CI0->lab2_counter_inst/add_7_add_5_5/CO0
                                          SLICE_R14C8C       CIN0_TO_COUT0_DELAY     0.277                 10.150  2       
lab2_counter_inst/n2083                                      NET DELAY               0.000                 10.150  2       
lab2_counter_inst/add_7_add_5_5/CI1->lab2_counter_inst/add_7_add_5_5/CO1
                                          SLICE_R14C8C       CIN1_TO_COUT1_DELAY     0.277                 10.427  2       
lab2_counter_inst/n1008                                      NET DELAY               0.000                 10.427  2       
lab2_counter_inst/add_7_add_5_7/CI0->lab2_counter_inst/add_7_add_5_7/CO0
                                          SLICE_R14C8D       CIN0_TO_COUT0_DELAY     0.277                 10.704  2       
lab2_counter_inst/n2086                                      NET DELAY               0.000                 10.704  2       
lab2_counter_inst/add_7_add_5_7/CI1->lab2_counter_inst/add_7_add_5_7/CO1
                                          SLICE_R14C8D       CIN1_TO_COUT1_DELAY     0.277                 10.981  2       
lab2_counter_inst/n1010                                      NET DELAY               0.555                 11.536  2       
lab2_counter_inst/add_7_add_5_9/CI0->lab2_counter_inst/add_7_add_5_9/CO0
                                          SLICE_R14C9A       CIN0_TO_COUT0_DELAY     0.277                 11.813  2       
lab2_counter_inst/n2089                                      NET DELAY               0.000                 11.813  2       
lab2_counter_inst/add_7_add_5_9/CI1->lab2_counter_inst/add_7_add_5_9/CO1
                                          SLICE_R14C9A       CIN1_TO_COUT1_DELAY     0.277                 12.090  2       
lab2_counter_inst/n1012                                      NET DELAY               0.000                 12.090  2       
lab2_counter_inst/add_7_add_5_11/CI0->lab2_counter_inst/add_7_add_5_11/CO0
                                          SLICE_R14C9B       CIN0_TO_COUT0_DELAY     0.277                 12.367  2       
lab2_counter_inst/n2092                                      NET DELAY               0.000                 12.367  2       
lab2_counter_inst/add_7_add_5_11/CI1->lab2_counter_inst/add_7_add_5_11/CO1
                                          SLICE_R14C9B       CIN1_TO_COUT1_DELAY     0.277                 12.644  2       
lab2_counter_inst/n1014                                      NET DELAY               0.000                 12.644  2       
lab2_counter_inst/add_7_add_5_13/CI0->lab2_counter_inst/add_7_add_5_13/CO0
                                          SLICE_R14C9C       CIN0_TO_COUT0_DELAY     0.277                 12.921  2       
lab2_counter_inst/n2095                                      NET DELAY               0.000                 12.921  2       
lab2_counter_inst/add_7_add_5_13/CI1->lab2_counter_inst/add_7_add_5_13/CO1
                                          SLICE_R14C9C       CIN1_TO_COUT1_DELAY     0.277                 13.198  2       
lab2_counter_inst/n1016                                      NET DELAY               0.000                 13.198  2       
lab2_counter_inst/add_7_add_5_15/CI0->lab2_counter_inst/add_7_add_5_15/CO0
                                          SLICE_R14C9D       CIN0_TO_COUT0_DELAY     0.277                 13.475  2       
lab2_counter_inst/n2098                                      NET DELAY               0.000                 13.475  2       
lab2_counter_inst/add_7_add_5_15/CI1->lab2_counter_inst/add_7_add_5_15/CO1
                                          SLICE_R14C9D       CIN1_TO_COUT1_DELAY     0.277                 13.752  2       
lab2_counter_inst/n1018                                      NET DELAY               0.555                 14.307  2       
lab2_counter_inst/add_7_add_5_17/CI0->lab2_counter_inst/add_7_add_5_17/CO0
                                          SLICE_R14C10A      CIN0_TO_COUT0_DELAY     0.277                 14.584  2       
lab2_counter_inst/n2101                                      NET DELAY               0.000                 14.584  2       
lab2_counter_inst/add_7_add_5_17/CI1->lab2_counter_inst/add_7_add_5_17/CO1
                                          SLICE_R14C10A      CIN1_TO_COUT1_DELAY     0.277                 14.861  2       
lab2_counter_inst/n1020                                      NET DELAY               0.000                 14.861  2       
lab2_counter_inst/add_7_add_5_19/CI0->lab2_counter_inst/add_7_add_5_19/CO0
                                          SLICE_R14C10B      CIN0_TO_COUT0_DELAY     0.277                 15.138  2       
lab2_counter_inst/n2104                                      NET DELAY               0.000                 15.138  2       
lab2_counter_inst/add_7_add_5_19/CI1->lab2_counter_inst/add_7_add_5_19/CO1
                                          SLICE_R14C10B      CIN1_TO_COUT1_DELAY     0.277                 15.415  2       
lab2_counter_inst/n1022                                      NET DELAY               0.000                 15.415  2       
lab2_counter_inst/add_7_add_5_21/CI0->lab2_counter_inst/add_7_add_5_21/CO0
                                          SLICE_R14C10C      CIN0_TO_COUT0_DELAY     0.277                 15.692  2       
lab2_counter_inst/n2107                                      NET DELAY               0.000                 15.692  2       
lab2_counter_inst/add_7_add_5_21/CI1->lab2_counter_inst/add_7_add_5_21/CO1
                                          SLICE_R14C10C      CIN1_TO_COUT1_DELAY     0.277                 15.969  2       
lab2_counter_inst/n1024                                      NET DELAY               0.000                 15.969  2       
lab2_counter_inst/add_7_add_5_23/CI0->lab2_counter_inst/add_7_add_5_23/CO0
                                          SLICE_R14C10D      CIN0_TO_COUT0_DELAY     0.277                 16.246  2       
lab2_counter_inst/n2110                                      NET DELAY               0.000                 16.246  2       
lab2_counter_inst/add_7_add_5_23/CI1->lab2_counter_inst/add_7_add_5_23/CO1
                                          SLICE_R14C10D      CIN1_TO_COUT1_DELAY     0.277                 16.523  2       
lab2_counter_inst/n1026                                      NET DELAY               0.555                 17.078  2       
lab2_counter_inst/add_7_add_5_25/CI0->lab2_counter_inst/add_7_add_5_25/CO0
                                          SLICE_R14C11A      CIN0_TO_COUT0_DELAY     0.277                 17.355  2       
lab2_counter_inst/n2116                                      NET DELAY               0.000                 17.355  2       
lab2_counter_inst/add_7_add_5_25/CI1->lab2_counter_inst/add_7_add_5_25/CO1
                                          SLICE_R14C11A      CIN1_TO_COUT1_DELAY     0.277                 17.632  2       
lab2_counter_inst/n1028                                      NET DELAY               0.000                 17.632  2       
lab2_counter_inst/add_7_add_5_27/CI0->lab2_counter_inst/add_7_add_5_27/CO0
                                          SLICE_R14C11B      CIN0_TO_COUT0_DELAY     0.277                 17.909  2       
lab2_counter_inst/n2119                                      NET DELAY               0.661                 18.570  2       
lab2_counter_inst/add_7_add_5_27/D1->lab2_counter_inst/add_7_add_5_27/S1
                                          SLICE_R14C11B      D1_TO_F1_DELAY          0.449                 19.019  1       
lab2_counter_inst/n167[26]                                   NET DELAY               3.027                 22.046  1       
lab2_counter_inst/i561_2_lut/A->lab2_counter_inst/i561_2_lut/Z
                                          SLICE_R13C11A      C1_TO_F1_DELAY          0.476                 22.522  1       
lab2_counter_inst/n40[26]                                    NET DELAY               0.000                 22.522  1       
lab2_counter_inst/count_state__i26/D                         ENDPOINT                0.000                 22.522  1       


Destination Clock Path
Name                                      Cell/Site Name     Delay Name           Incr      Arrival/Required Time  Fanout  
----------------------------------------  -----------------  -------------------  --------  ---------------------  ------  
                                                             CONSTRAINT              0.000                 20.833  1       
hf_osc/CLKHF                              HFOSC_HFOSC_R1C32  CLOCK LATENCY           0.000                 20.833  36      
lab2_scanning_inst/lab2_counter_inst/clk                     NET DELAY               5.499                 26.332  36      
{lab2_counter_inst/count_state__i27/CK   lab2_counter_inst/count_state__i26/CK}
                                                             CLOCK PIN               0.000                 26.332  1       
                                                             Uncertainty          -(0.000)                 26.332  
                                                             Setup time           -(0.198)                 26.134  
----------------------------------------  -----------------  -------------------  --------  ---------------------  ------  
Required Time                                                                                              26.134  
Arrival Time                                                                                            -(22.521)  
----------------------------------------  -----------------  -------------------  --------  ---------------------  ------  
Path Slack  (Passed)                                                                                        3.612  




++++ Path 6 ++++++++++++++++++++++++++++++++++++++++++++++++++++++++++ 

Path Begin       : lab2_scanning_inst/lab2_counter_inst/count_state__i0/Q  (SLICE_R13C4B)
Path End         : lab2_scanning_inst/lab2_counter_inst/count_state__i29/D  (SLICE_R13C6A)
Source Clock     : clk (R)
Destination Clock: clk (R)
Logic Level      : 32
Delay Ratio      : 38.7% (route), 61.3% (logic)
Clock Skew       : 0.000 ns 
Setup Constraint : 20.833 ns 
Path Slack       : 3.640 ns  (Passed)


Source Clock Path
Name                                      Cell/Site Name     Delay Name           Incr      Arrival/Required Time  Fanout  
----------------------------------------  -----------------  -------------------  --------  ---------------------  ------  
hf_osc/CLKHF                              HFOSC_HFOSC_R1C32  CLOCK LATENCY           0.000                  0.000  36      
lab2_scanning_inst/lab2_counter_inst/clk                     NET DELAY               5.499                  5.499  36      
{lab2_scanning_inst/lab2_counter_inst/count_state__i0/CK   lab2_scanning_inst/lab2_counter_inst/count_state__i1/CK}
                                                             CLOCK PIN               0.000                  5.499  1       


Data Path
Name                                      Cell/Site Name     Delay Name           Incr      Arrival/Required Time  Fanout  
----------------------------------------  -----------------  -------------------  --------  ---------------------  ------  
lab2_scanning_inst/lab2_counter_inst/count_state__i0/CK->lab2_scanning_inst/lab2_counter_inst/count_state__i0/Q
                                          SLICE_R13C4B       CLK_TO_Q0_DELAY         1.388                  6.887  2       
lab2_scanning_inst/lab2_counter_inst/counter[0]
                                                             NET DELAY               2.075                  8.962  2       
lab2_scanning_inst/lab2_counter_inst/add_7_add_5_1/B1->lab2_scanning_inst/lab2_counter_inst/add_7_add_5_1/CO1
                                          SLICE_R14C3A       B1_TO_COUT1_DELAY       0.357                  9.319  2       
lab2_scanning_inst/lab2_counter_inst/n1037
                                                             NET DELAY               0.000                  9.319  2       
lab2_scanning_inst/lab2_counter_inst/add_7_add_5_3/CI0->lab2_scanning_inst/lab2_counter_inst/add_7_add_5_3/CO0
                                          SLICE_R14C3B       CIN0_TO_COUT0_DELAY     0.277                  9.596  2       
lab2_scanning_inst/lab2_counter_inst/n2131
                                                             NET DELAY               0.000                  9.596  2       
lab2_scanning_inst/lab2_counter_inst/add_7_add_5_3/CI1->lab2_scanning_inst/lab2_counter_inst/add_7_add_5_3/CO1
                                          SLICE_R14C3B       CIN1_TO_COUT1_DELAY     0.277                  9.873  2       
lab2_scanning_inst/lab2_counter_inst/n1039
                                                             NET DELAY               0.000                  9.873  2       
lab2_scanning_inst/lab2_counter_inst/add_7_add_5_5/CI0->lab2_scanning_inst/lab2_counter_inst/add_7_add_5_5/CO0
                                          SLICE_R14C3C       CIN0_TO_COUT0_DELAY     0.277                 10.150  2       
lab2_scanning_inst/lab2_counter_inst/n2134
                                                             NET DELAY               0.000                 10.150  2       
lab2_scanning_inst/lab2_counter_inst/add_7_add_5_5/CI1->lab2_scanning_inst/lab2_counter_inst/add_7_add_5_5/CO1
                                          SLICE_R14C3C       CIN1_TO_COUT1_DELAY     0.277                 10.427  2       
lab2_scanning_inst/lab2_counter_inst/n1041
                                                             NET DELAY               0.000                 10.427  2       
lab2_scanning_inst/lab2_counter_inst/add_7_add_5_7/CI0->lab2_scanning_inst/lab2_counter_inst/add_7_add_5_7/CO0
                                          SLICE_R14C3D       CIN0_TO_COUT0_DELAY     0.277                 10.704  2       
lab2_scanning_inst/lab2_counter_inst/n2137
                                                             NET DELAY               0.000                 10.704  2       
lab2_scanning_inst/lab2_counter_inst/add_7_add_5_7/CI1->lab2_scanning_inst/lab2_counter_inst/add_7_add_5_7/CO1
                                          SLICE_R14C3D       CIN1_TO_COUT1_DELAY     0.277                 10.981  2       
lab2_scanning_inst/lab2_counter_inst/n1043
                                                             NET DELAY               0.555                 11.536  2       
lab2_scanning_inst/lab2_counter_inst/add_7_add_5_9/CI0->lab2_scanning_inst/lab2_counter_inst/add_7_add_5_9/CO0
                                          SLICE_R14C4A       CIN0_TO_COUT0_DELAY     0.277                 11.813  2       
lab2_scanning_inst/lab2_counter_inst/n2140
                                                             NET DELAY               0.000                 11.813  2       
lab2_scanning_inst/lab2_counter_inst/add_7_add_5_9/CI1->lab2_scanning_inst/lab2_counter_inst/add_7_add_5_9/CO1
                                          SLICE_R14C4A       CIN1_TO_COUT1_DELAY     0.277                 12.090  2       
lab2_scanning_inst/lab2_counter_inst/n1045
                                                             NET DELAY               0.000                 12.090  2       
lab2_scanning_inst/lab2_counter_inst/add_7_add_5_11/CI0->lab2_scanning_inst/lab2_counter_inst/add_7_add_5_11/CO0
                                          SLICE_R14C4B       CIN0_TO_COUT0_DELAY     0.277                 12.367  2       
lab2_scanning_inst/lab2_counter_inst/n2143
                                                             NET DELAY               0.000                 12.367  2       
lab2_scanning_inst/lab2_counter_inst/add_7_add_5_11/CI1->lab2_scanning_inst/lab2_counter_inst/add_7_add_5_11/CO1
                                          SLICE_R14C4B       CIN1_TO_COUT1_DELAY     0.277                 12.644  2       
lab2_scanning_inst/lab2_counter_inst/n1047
                                                             NET DELAY               0.000                 12.644  2       
lab2_scanning_inst/lab2_counter_inst/add_7_add_5_13/CI0->lab2_scanning_inst/lab2_counter_inst/add_7_add_5_13/CO0
                                          SLICE_R14C4C       CIN0_TO_COUT0_DELAY     0.277                 12.921  2       
lab2_scanning_inst/lab2_counter_inst/n2146
                                                             NET DELAY               0.000                 12.921  2       
lab2_scanning_inst/lab2_counter_inst/add_7_add_5_13/CI1->lab2_scanning_inst/lab2_counter_inst/add_7_add_5_13/CO1
                                          SLICE_R14C4C       CIN1_TO_COUT1_DELAY     0.277                 13.198  2       
lab2_scanning_inst/lab2_counter_inst/n1049
                                                             NET DELAY               0.000                 13.198  2       
lab2_scanning_inst/lab2_counter_inst/add_7_add_5_15/CI0->lab2_scanning_inst/lab2_counter_inst/add_7_add_5_15/CO0
                                          SLICE_R14C4D       CIN0_TO_COUT0_DELAY     0.277                 13.475  2       
lab2_scanning_inst/lab2_counter_inst/n2149
                                                             NET DELAY               0.000                 13.475  2       
lab2_scanning_inst/lab2_counter_inst/add_7_add_5_15/CI1->lab2_scanning_inst/lab2_counter_inst/add_7_add_5_15/CO1
                                          SLICE_R14C4D       CIN1_TO_COUT1_DELAY     0.277                 13.752  2       
lab2_scanning_inst/lab2_counter_inst/n1051
                                                             NET DELAY               0.555                 14.307  2       
lab2_scanning_inst/lab2_counter_inst/add_7_add_5_17/CI0->lab2_scanning_inst/lab2_counter_inst/add_7_add_5_17/CO0
                                          SLICE_R14C5A       CIN0_TO_COUT0_DELAY     0.277                 14.584  2       
lab2_scanning_inst/lab2_counter_inst/n2152
                                                             NET DELAY               0.000                 14.584  2       
lab2_scanning_inst/lab2_counter_inst/add_7_add_5_17/CI1->lab2_scanning_inst/lab2_counter_inst/add_7_add_5_17/CO1
                                          SLICE_R14C5A       CIN1_TO_COUT1_DELAY     0.277                 14.861  2       
lab2_scanning_inst/lab2_counter_inst/n1053
                                                             NET DELAY               0.000                 14.861  2       
lab2_scanning_inst/lab2_counter_inst/add_7_add_5_19/CI0->lab2_scanning_inst/lab2_counter_inst/add_7_add_5_19/CO0
                                          SLICE_R14C5B       CIN0_TO_COUT0_DELAY     0.277                 15.138  2       
lab2_scanning_inst/lab2_counter_inst/n2155
                                                             NET DELAY               0.000                 15.138  2       
lab2_scanning_inst/lab2_counter_inst/add_7_add_5_19/CI1->lab2_scanning_inst/lab2_counter_inst/add_7_add_5_19/CO1
                                          SLICE_R14C5B       CIN1_TO_COUT1_DELAY     0.277                 15.415  2       
lab2_scanning_inst/lab2_counter_inst/n1055
                                                             NET DELAY               0.000                 15.415  2       
lab2_scanning_inst/lab2_counter_inst/add_7_add_5_21/CI0->lab2_scanning_inst/lab2_counter_inst/add_7_add_5_21/CO0
                                          SLICE_R14C5C       CIN0_TO_COUT0_DELAY     0.277                 15.692  2       
lab2_scanning_inst/lab2_counter_inst/n2158
                                                             NET DELAY               0.000                 15.692  2       
lab2_scanning_inst/lab2_counter_inst/add_7_add_5_21/CI1->lab2_scanning_inst/lab2_counter_inst/add_7_add_5_21/CO1
                                          SLICE_R14C5C       CIN1_TO_COUT1_DELAY     0.277                 15.969  2       
lab2_scanning_inst/lab2_counter_inst/n1057
                                                             NET DELAY               0.000                 15.969  2       
lab2_scanning_inst/lab2_counter_inst/add_7_add_5_23/CI0->lab2_scanning_inst/lab2_counter_inst/add_7_add_5_23/CO0
                                          SLICE_R14C5D       CIN0_TO_COUT0_DELAY     0.277                 16.246  2       
lab2_scanning_inst/lab2_counter_inst/n2161
                                                             NET DELAY               0.000                 16.246  2       
lab2_scanning_inst/lab2_counter_inst/add_7_add_5_23/CI1->lab2_scanning_inst/lab2_counter_inst/add_7_add_5_23/CO1
                                          SLICE_R14C5D       CIN1_TO_COUT1_DELAY     0.277                 16.523  2       
lab2_scanning_inst/lab2_counter_inst/n1059
                                                             NET DELAY               0.555                 17.078  2       
lab2_scanning_inst/lab2_counter_inst/add_7_add_5_25/CI0->lab2_scanning_inst/lab2_counter_inst/add_7_add_5_25/CO0
                                          SLICE_R14C6A       CIN0_TO_COUT0_DELAY     0.277                 17.355  2       
lab2_scanning_inst/lab2_counter_inst/n2164
                                                             NET DELAY               0.000                 17.355  2       
lab2_scanning_inst/lab2_counter_inst/add_7_add_5_25/CI1->lab2_scanning_inst/lab2_counter_inst/add_7_add_5_25/CO1
                                          SLICE_R14C6A       CIN1_TO_COUT1_DELAY     0.277                 17.632  2       
lab2_scanning_inst/lab2_counter_inst/n1061
                                                             NET DELAY               0.000                 17.632  2       
lab2_scanning_inst/lab2_counter_inst/add_7_add_5_27/CI0->lab2_scanning_inst/lab2_counter_inst/add_7_add_5_27/CO0
                                          SLICE_R14C6B       CIN0_TO_COUT0_DELAY     0.277                 17.909  2       
lab2_scanning_inst/lab2_counter_inst/n2167
                                                             NET DELAY               0.000                 17.909  2       
lab2_scanning_inst/lab2_counter_inst/add_7_add_5_27/CI1->lab2_scanning_inst/lab2_counter_inst/add_7_add_5_27/CO1
                                          SLICE_R14C6B       CIN1_TO_COUT1_DELAY     0.277                 18.186  2       
lab2_scanning_inst/lab2_counter_inst/n1063
                                                             NET DELAY               0.000                 18.186  2       
lab2_scanning_inst/lab2_counter_inst/add_7_add_5_29/CI0->lab2_scanning_inst/lab2_counter_inst/add_7_add_5_29/CO0
                                          SLICE_R14C6C       CIN0_TO_COUT0_DELAY     0.277                 18.463  2       
lab2_scanning_inst/lab2_counter_inst/n2170
                                                             NET DELAY               0.000                 18.463  2       
lab2_scanning_inst/lab2_counter_inst/add_7_add_5_29/CI1->lab2_scanning_inst/lab2_counter_inst/add_7_add_5_29/CO1
                                          SLICE_R14C6C       CIN1_TO_COUT1_DELAY     0.277                 18.740  2       
lab2_scanning_inst/lab2_counter_inst/n1065
                                                             NET DELAY               0.661                 19.401  2       
lab2_scanning_inst/lab2_counter_inst/add_7_add_5_31/D0->lab2_scanning_inst/lab2_counter_inst/add_7_add_5_31/S0
                                          SLICE_R14C6D       D0_TO_F0_DELAY          0.449                 19.850  1       
lab2_scanning_inst/lab2_counter_inst/n167[29]
                                                             NET DELAY               2.168                 22.018  1       
lab2_scanning_inst/lab2_counter_inst/i646_2_lut/A->lab2_scanning_inst/lab2_counter_inst/i646_2_lut/Z
                                          SLICE_R13C6A       D0_TO_F0_DELAY          0.476                 22.494  1       
lab2_scanning_inst/lab2_counter_inst/n40[29]
                                                             NET DELAY               0.000                 22.494  1       
lab2_scanning_inst/lab2_counter_inst/count_state__i29/D
                                                             ENDPOINT                0.000                 22.494  1       


Destination Clock Path
Name                                      Cell/Site Name     Delay Name           Incr      Arrival/Required Time  Fanout  
----------------------------------------  -----------------  -------------------  --------  ---------------------  ------  
                                                             CONSTRAINT              0.000                 20.833  1       
hf_osc/CLKHF                              HFOSC_HFOSC_R1C32  CLOCK LATENCY           0.000                 20.833  36      
lab2_scanning_inst/lab2_counter_inst/clk                     NET DELAY               5.499                 26.332  36      
{lab2_scanning_inst/lab2_counter_inst/count_state__i29/CK   lab2_scanning_inst/lab2_counter_inst/count_state__i30/CK}
                                                             CLOCK PIN               0.000                 26.332  1       
                                                             Uncertainty          -(0.000)                 26.332  
                                                             Setup time           -(0.198)                 26.134  
----------------------------------------  -----------------  -------------------  --------  ---------------------  ------  
Required Time                                                                                              26.134  
Arrival Time                                                                                            -(22.493)  
----------------------------------------  -----------------  -------------------  --------  ---------------------  ------  
Path Slack  (Passed)                                                                                        3.640  




++++ Path 7 ++++++++++++++++++++++++++++++++++++++++++++++++++++++++++ 

Path Begin       : lab2_counter_inst/count_state__i0/Q  (SLICE_R13C8A)
Path End         : lab2_counter_inst/count_state__i29/D  (SLICE_R15C11C)
Source Clock     : clk (R)
Destination Clock: clk (R)
Logic Level      : 32
Delay Ratio      : 38.7% (route), 61.3% (logic)
Clock Skew       : 0.000 ns 
Setup Constraint : 20.833 ns 
Path Slack       : 3.640 ns  (Passed)


Source Clock Path
Name                                      Cell/Site Name     Delay Name           Incr      Arrival/Required Time  Fanout  
----------------------------------------  -----------------  -------------------  --------  ---------------------  ------  
hf_osc/CLKHF                              HFOSC_HFOSC_R1C32  CLOCK LATENCY           0.000                  0.000  36      
lab2_scanning_inst/lab2_counter_inst/clk                     NET DELAY               5.499                  5.499  36      
{lab2_counter_inst/count_state__i0/CK   lab2_counter_inst/count_state__i1/CK}
                                                             CLOCK PIN               0.000                  5.499  1       


Data Path
Name                                      Cell/Site Name     Delay Name           Incr      Arrival/Required Time  Fanout  
----------------------------------------  -----------------  -------------------  --------  ---------------------  ------  
lab2_counter_inst/count_state__i0/CK->lab2_counter_inst/count_state__i0/Q
                                          SLICE_R13C8A       CLK_TO_Q0_DELAY         1.388                  6.887  2       
lab2_counter_inst/count_state[0]                             NET DELAY               2.075                  8.962  2       
lab2_counter_inst/add_7_add_5_1/B1->lab2_counter_inst/add_7_add_5_1/CO1
                                          SLICE_R14C8A       B1_TO_COUT1_DELAY       0.357                  9.319  2       
lab2_counter_inst/n1004                                      NET DELAY               0.000                  9.319  2       
lab2_counter_inst/add_7_add_5_3/CI0->lab2_counter_inst/add_7_add_5_3/CO0
                                          SLICE_R14C8B       CIN0_TO_COUT0_DELAY     0.277                  9.596  2       
lab2_counter_inst/n2080                                      NET DELAY               0.000                  9.596  2       
lab2_counter_inst/add_7_add_5_3/CI1->lab2_counter_inst/add_7_add_5_3/CO1
                                          SLICE_R14C8B       CIN1_TO_COUT1_DELAY     0.277                  9.873  2       
lab2_counter_inst/n1006                                      NET DELAY               0.000                  9.873  2       
lab2_counter_inst/add_7_add_5_5/CI0->lab2_counter_inst/add_7_add_5_5/CO0
                                          SLICE_R14C8C       CIN0_TO_COUT0_DELAY     0.277                 10.150  2       
lab2_counter_inst/n2083                                      NET DELAY               0.000                 10.150  2       
lab2_counter_inst/add_7_add_5_5/CI1->lab2_counter_inst/add_7_add_5_5/CO1
                                          SLICE_R14C8C       CIN1_TO_COUT1_DELAY     0.277                 10.427  2       
lab2_counter_inst/n1008                                      NET DELAY               0.000                 10.427  2       
lab2_counter_inst/add_7_add_5_7/CI0->lab2_counter_inst/add_7_add_5_7/CO0
                                          SLICE_R14C8D       CIN0_TO_COUT0_DELAY     0.277                 10.704  2       
lab2_counter_inst/n2086                                      NET DELAY               0.000                 10.704  2       
lab2_counter_inst/add_7_add_5_7/CI1->lab2_counter_inst/add_7_add_5_7/CO1
                                          SLICE_R14C8D       CIN1_TO_COUT1_DELAY     0.277                 10.981  2       
lab2_counter_inst/n1010                                      NET DELAY               0.555                 11.536  2       
lab2_counter_inst/add_7_add_5_9/CI0->lab2_counter_inst/add_7_add_5_9/CO0
                                          SLICE_R14C9A       CIN0_TO_COUT0_DELAY     0.277                 11.813  2       
lab2_counter_inst/n2089                                      NET DELAY               0.000                 11.813  2       
lab2_counter_inst/add_7_add_5_9/CI1->lab2_counter_inst/add_7_add_5_9/CO1
                                          SLICE_R14C9A       CIN1_TO_COUT1_DELAY     0.277                 12.090  2       
lab2_counter_inst/n1012                                      NET DELAY               0.000                 12.090  2       
lab2_counter_inst/add_7_add_5_11/CI0->lab2_counter_inst/add_7_add_5_11/CO0
                                          SLICE_R14C9B       CIN0_TO_COUT0_DELAY     0.277                 12.367  2       
lab2_counter_inst/n2092                                      NET DELAY               0.000                 12.367  2       
lab2_counter_inst/add_7_add_5_11/CI1->lab2_counter_inst/add_7_add_5_11/CO1
                                          SLICE_R14C9B       CIN1_TO_COUT1_DELAY     0.277                 12.644  2       
lab2_counter_inst/n1014                                      NET DELAY               0.000                 12.644  2       
lab2_counter_inst/add_7_add_5_13/CI0->lab2_counter_inst/add_7_add_5_13/CO0
                                          SLICE_R14C9C       CIN0_TO_COUT0_DELAY     0.277                 12.921  2       
lab2_counter_inst/n2095                                      NET DELAY               0.000                 12.921  2       
lab2_counter_inst/add_7_add_5_13/CI1->lab2_counter_inst/add_7_add_5_13/CO1
                                          SLICE_R14C9C       CIN1_TO_COUT1_DELAY     0.277                 13.198  2       
lab2_counter_inst/n1016                                      NET DELAY               0.000                 13.198  2       
lab2_counter_inst/add_7_add_5_15/CI0->lab2_counter_inst/add_7_add_5_15/CO0
                                          SLICE_R14C9D       CIN0_TO_COUT0_DELAY     0.277                 13.475  2       
lab2_counter_inst/n2098                                      NET DELAY               0.000                 13.475  2       
lab2_counter_inst/add_7_add_5_15/CI1->lab2_counter_inst/add_7_add_5_15/CO1
                                          SLICE_R14C9D       CIN1_TO_COUT1_DELAY     0.277                 13.752  2       
lab2_counter_inst/n1018                                      NET DELAY               0.555                 14.307  2       
lab2_counter_inst/add_7_add_5_17/CI0->lab2_counter_inst/add_7_add_5_17/CO0
                                          SLICE_R14C10A      CIN0_TO_COUT0_DELAY     0.277                 14.584  2       
lab2_counter_inst/n2101                                      NET DELAY               0.000                 14.584  2       
lab2_counter_inst/add_7_add_5_17/CI1->lab2_counter_inst/add_7_add_5_17/CO1
                                          SLICE_R14C10A      CIN1_TO_COUT1_DELAY     0.277                 14.861  2       
lab2_counter_inst/n1020                                      NET DELAY               0.000                 14.861  2       
lab2_counter_inst/add_7_add_5_19/CI0->lab2_counter_inst/add_7_add_5_19/CO0
                                          SLICE_R14C10B      CIN0_TO_COUT0_DELAY     0.277                 15.138  2       
lab2_counter_inst/n2104                                      NET DELAY               0.000                 15.138  2       
lab2_counter_inst/add_7_add_5_19/CI1->lab2_counter_inst/add_7_add_5_19/CO1
                                          SLICE_R14C10B      CIN1_TO_COUT1_DELAY     0.277                 15.415  2       
lab2_counter_inst/n1022                                      NET DELAY               0.000                 15.415  2       
lab2_counter_inst/add_7_add_5_21/CI0->lab2_counter_inst/add_7_add_5_21/CO0
                                          SLICE_R14C10C      CIN0_TO_COUT0_DELAY     0.277                 15.692  2       
lab2_counter_inst/n2107                                      NET DELAY               0.000                 15.692  2       
lab2_counter_inst/add_7_add_5_21/CI1->lab2_counter_inst/add_7_add_5_21/CO1
                                          SLICE_R14C10C      CIN1_TO_COUT1_DELAY     0.277                 15.969  2       
lab2_counter_inst/n1024                                      NET DELAY               0.000                 15.969  2       
lab2_counter_inst/add_7_add_5_23/CI0->lab2_counter_inst/add_7_add_5_23/CO0
                                          SLICE_R14C10D      CIN0_TO_COUT0_DELAY     0.277                 16.246  2       
lab2_counter_inst/n2110                                      NET DELAY               0.000                 16.246  2       
lab2_counter_inst/add_7_add_5_23/CI1->lab2_counter_inst/add_7_add_5_23/CO1
                                          SLICE_R14C10D      CIN1_TO_COUT1_DELAY     0.277                 16.523  2       
lab2_counter_inst/n1026                                      NET DELAY               0.555                 17.078  2       
lab2_counter_inst/add_7_add_5_25/CI0->lab2_counter_inst/add_7_add_5_25/CO0
                                          SLICE_R14C11A      CIN0_TO_COUT0_DELAY     0.277                 17.355  2       
lab2_counter_inst/n2116                                      NET DELAY               0.000                 17.355  2       
lab2_counter_inst/add_7_add_5_25/CI1->lab2_counter_inst/add_7_add_5_25/CO1
                                          SLICE_R14C11A      CIN1_TO_COUT1_DELAY     0.277                 17.632  2       
lab2_counter_inst/n1028                                      NET DELAY               0.000                 17.632  2       
lab2_counter_inst/add_7_add_5_27/CI0->lab2_counter_inst/add_7_add_5_27/CO0
                                          SLICE_R14C11B      CIN0_TO_COUT0_DELAY     0.277                 17.909  2       
lab2_counter_inst/n2119                                      NET DELAY               0.000                 17.909  2       
lab2_counter_inst/add_7_add_5_27/CI1->lab2_counter_inst/add_7_add_5_27/CO1
                                          SLICE_R14C11B      CIN1_TO_COUT1_DELAY     0.277                 18.186  2       
lab2_counter_inst/n1030                                      NET DELAY               0.000                 18.186  2       
lab2_counter_inst/add_7_add_5_29/CI0->lab2_counter_inst/add_7_add_5_29/CO0
                                          SLICE_R14C11C      CIN0_TO_COUT0_DELAY     0.277                 18.463  2       
lab2_counter_inst/n2122                                      NET DELAY               0.000                 18.463  2       
lab2_counter_inst/add_7_add_5_29/CI1->lab2_counter_inst/add_7_add_5_29/CO1
                                          SLICE_R14C11C      CIN1_TO_COUT1_DELAY     0.277                 18.740  2       
lab2_counter_inst/n1032                                      NET DELAY               0.661                 19.401  2       
lab2_counter_inst/add_7_add_5_31/D0->lab2_counter_inst/add_7_add_5_31/S0
                                          SLICE_R14C11D      D0_TO_F0_DELAY          0.449                 19.850  1       
lab2_counter_inst/n167[29]                                   NET DELAY               2.168                 22.018  1       
lab2_counter_inst/i558_2_lut/A->lab2_counter_inst/i558_2_lut/Z
                                          SLICE_R15C11C      D0_TO_F0_DELAY          0.476                 22.494  1       
lab2_counter_inst/n40[29]                                    NET DELAY               0.000                 22.494  1       
lab2_counter_inst/count_state__i29/D                         ENDPOINT                0.000                 22.494  1       


Destination Clock Path
Name                                      Cell/Site Name     Delay Name           Incr      Arrival/Required Time  Fanout  
----------------------------------------  -----------------  -------------------  --------  ---------------------  ------  
                                                             CONSTRAINT              0.000                 20.833  1       
hf_osc/CLKHF                              HFOSC_HFOSC_R1C32  CLOCK LATENCY           0.000                 20.833  36      
lab2_scanning_inst/lab2_counter_inst/clk                     NET DELAY               5.499                 26.332  36      
{lab2_counter_inst/count_state__i29/CK   lab2_counter_inst/count_state__i28/CK}
                                                             CLOCK PIN               0.000                 26.332  1       
                                                             Uncertainty          -(0.000)                 26.332  
                                                             Setup time           -(0.198)                 26.134  
----------------------------------------  -----------------  -------------------  --------  ---------------------  ------  
Required Time                                                                                              26.134  
Arrival Time                                                                                            -(22.493)  
----------------------------------------  -----------------  -------------------  --------  ---------------------  ------  
Path Slack  (Passed)                                                                                        3.640  




++++ Path 8 ++++++++++++++++++++++++++++++++++++++++++++++++++++++++++ 

Path Begin       : lab2_scanning_inst/lab2_counter_inst/count_state__i0/Q  (SLICE_R13C4B)
Path End         : lab2_scanning_inst/lab2_counter_inst/count_state__i26/D  (SLICE_R14C7C)
Source Clock     : clk (R)
Destination Clock: clk (R)
Logic Level      : 29
Delay Ratio      : 42.7% (route), 57.3% (logic)
Clock Skew       : 0.000 ns 
Setup Constraint : 20.833 ns 
Path Slack       : 3.876 ns  (Passed)


Source Clock Path
Name                                      Cell/Site Name     Delay Name           Incr      Arrival/Required Time  Fanout  
----------------------------------------  -----------------  -------------------  --------  ---------------------  ------  
hf_osc/CLKHF                              HFOSC_HFOSC_R1C32  CLOCK LATENCY           0.000                  0.000  36      
lab2_scanning_inst/lab2_counter_inst/clk                     NET DELAY               5.499                  5.499  36      
{lab2_scanning_inst/lab2_counter_inst/count_state__i0/CK   lab2_scanning_inst/lab2_counter_inst/count_state__i1/CK}
                                                             CLOCK PIN               0.000                  5.499  1       


Data Path
Name                                      Cell/Site Name     Delay Name           Incr      Arrival/Required Time  Fanout  
----------------------------------------  -----------------  -------------------  --------  ---------------------  ------  
lab2_scanning_inst/lab2_counter_inst/count_state__i0/CK->lab2_scanning_inst/lab2_counter_inst/count_state__i0/Q
                                          SLICE_R13C4B       CLK_TO_Q0_DELAY         1.388                  6.887  2       
lab2_scanning_inst/lab2_counter_inst/counter[0]
                                                             NET DELAY               2.075                  8.962  2       
lab2_scanning_inst/lab2_counter_inst/add_7_add_5_1/B1->lab2_scanning_inst/lab2_counter_inst/add_7_add_5_1/CO1
                                          SLICE_R14C3A       B1_TO_COUT1_DELAY       0.357                  9.319  2       
lab2_scanning_inst/lab2_counter_inst/n1037
                                                             NET DELAY               0.000                  9.319  2       
lab2_scanning_inst/lab2_counter_inst/add_7_add_5_3/CI0->lab2_scanning_inst/lab2_counter_inst/add_7_add_5_3/CO0
                                          SLICE_R14C3B       CIN0_TO_COUT0_DELAY     0.277                  9.596  2       
lab2_scanning_inst/lab2_counter_inst/n2131
                                                             NET DELAY               0.000                  9.596  2       
lab2_scanning_inst/lab2_counter_inst/add_7_add_5_3/CI1->lab2_scanning_inst/lab2_counter_inst/add_7_add_5_3/CO1
                                          SLICE_R14C3B       CIN1_TO_COUT1_DELAY     0.277                  9.873  2       
lab2_scanning_inst/lab2_counter_inst/n1039
                                                             NET DELAY               0.000                  9.873  2       
lab2_scanning_inst/lab2_counter_inst/add_7_add_5_5/CI0->lab2_scanning_inst/lab2_counter_inst/add_7_add_5_5/CO0
                                          SLICE_R14C3C       CIN0_TO_COUT0_DELAY     0.277                 10.150  2       
lab2_scanning_inst/lab2_counter_inst/n2134
                                                             NET DELAY               0.000                 10.150  2       
lab2_scanning_inst/lab2_counter_inst/add_7_add_5_5/CI1->lab2_scanning_inst/lab2_counter_inst/add_7_add_5_5/CO1
                                          SLICE_R14C3C       CIN1_TO_COUT1_DELAY     0.277                 10.427  2       
lab2_scanning_inst/lab2_counter_inst/n1041
                                                             NET DELAY               0.000                 10.427  2       
lab2_scanning_inst/lab2_counter_inst/add_7_add_5_7/CI0->lab2_scanning_inst/lab2_counter_inst/add_7_add_5_7/CO0
                                          SLICE_R14C3D       CIN0_TO_COUT0_DELAY     0.277                 10.704  2       
lab2_scanning_inst/lab2_counter_inst/n2137
                                                             NET DELAY               0.000                 10.704  2       
lab2_scanning_inst/lab2_counter_inst/add_7_add_5_7/CI1->lab2_scanning_inst/lab2_counter_inst/add_7_add_5_7/CO1
                                          SLICE_R14C3D       CIN1_TO_COUT1_DELAY     0.277                 10.981  2       
lab2_scanning_inst/lab2_counter_inst/n1043
                                                             NET DELAY               0.555                 11.536  2       
lab2_scanning_inst/lab2_counter_inst/add_7_add_5_9/CI0->lab2_scanning_inst/lab2_counter_inst/add_7_add_5_9/CO0
                                          SLICE_R14C4A       CIN0_TO_COUT0_DELAY     0.277                 11.813  2       
lab2_scanning_inst/lab2_counter_inst/n2140
                                                             NET DELAY               0.000                 11.813  2       
lab2_scanning_inst/lab2_counter_inst/add_7_add_5_9/CI1->lab2_scanning_inst/lab2_counter_inst/add_7_add_5_9/CO1
                                          SLICE_R14C4A       CIN1_TO_COUT1_DELAY     0.277                 12.090  2       
lab2_scanning_inst/lab2_counter_inst/n1045
                                                             NET DELAY               0.000                 12.090  2       
lab2_scanning_inst/lab2_counter_inst/add_7_add_5_11/CI0->lab2_scanning_inst/lab2_counter_inst/add_7_add_5_11/CO0
                                          SLICE_R14C4B       CIN0_TO_COUT0_DELAY     0.277                 12.367  2       
lab2_scanning_inst/lab2_counter_inst/n2143
                                                             NET DELAY               0.000                 12.367  2       
lab2_scanning_inst/lab2_counter_inst/add_7_add_5_11/CI1->lab2_scanning_inst/lab2_counter_inst/add_7_add_5_11/CO1
                                          SLICE_R14C4B       CIN1_TO_COUT1_DELAY     0.277                 12.644  2       
lab2_scanning_inst/lab2_counter_inst/n1047
                                                             NET DELAY               0.000                 12.644  2       
lab2_scanning_inst/lab2_counter_inst/add_7_add_5_13/CI0->lab2_scanning_inst/lab2_counter_inst/add_7_add_5_13/CO0
                                          SLICE_R14C4C       CIN0_TO_COUT0_DELAY     0.277                 12.921  2       
lab2_scanning_inst/lab2_counter_inst/n2146
                                                             NET DELAY               0.000                 12.921  2       
lab2_scanning_inst/lab2_counter_inst/add_7_add_5_13/CI1->lab2_scanning_inst/lab2_counter_inst/add_7_add_5_13/CO1
                                          SLICE_R14C4C       CIN1_TO_COUT1_DELAY     0.277                 13.198  2       
lab2_scanning_inst/lab2_counter_inst/n1049
                                                             NET DELAY               0.000                 13.198  2       
lab2_scanning_inst/lab2_counter_inst/add_7_add_5_15/CI0->lab2_scanning_inst/lab2_counter_inst/add_7_add_5_15/CO0
                                          SLICE_R14C4D       CIN0_TO_COUT0_DELAY     0.277                 13.475  2       
lab2_scanning_inst/lab2_counter_inst/n2149
                                                             NET DELAY               0.000                 13.475  2       
lab2_scanning_inst/lab2_counter_inst/add_7_add_5_15/CI1->lab2_scanning_inst/lab2_counter_inst/add_7_add_5_15/CO1
                                          SLICE_R14C4D       CIN1_TO_COUT1_DELAY     0.277                 13.752  2       
lab2_scanning_inst/lab2_counter_inst/n1051
                                                             NET DELAY               0.555                 14.307  2       
lab2_scanning_inst/lab2_counter_inst/add_7_add_5_17/CI0->lab2_scanning_inst/lab2_counter_inst/add_7_add_5_17/CO0
                                          SLICE_R14C5A       CIN0_TO_COUT0_DELAY     0.277                 14.584  2       
lab2_scanning_inst/lab2_counter_inst/n2152
                                                             NET DELAY               0.000                 14.584  2       
lab2_scanning_inst/lab2_counter_inst/add_7_add_5_17/CI1->lab2_scanning_inst/lab2_counter_inst/add_7_add_5_17/CO1
                                          SLICE_R14C5A       CIN1_TO_COUT1_DELAY     0.277                 14.861  2       
lab2_scanning_inst/lab2_counter_inst/n1053
                                                             NET DELAY               0.000                 14.861  2       
lab2_scanning_inst/lab2_counter_inst/add_7_add_5_19/CI0->lab2_scanning_inst/lab2_counter_inst/add_7_add_5_19/CO0
                                          SLICE_R14C5B       CIN0_TO_COUT0_DELAY     0.277                 15.138  2       
lab2_scanning_inst/lab2_counter_inst/n2155
                                                             NET DELAY               0.000                 15.138  2       
lab2_scanning_inst/lab2_counter_inst/add_7_add_5_19/CI1->lab2_scanning_inst/lab2_counter_inst/add_7_add_5_19/CO1
                                          SLICE_R14C5B       CIN1_TO_COUT1_DELAY     0.277                 15.415  2       
lab2_scanning_inst/lab2_counter_inst/n1055
                                                             NET DELAY               0.000                 15.415  2       
lab2_scanning_inst/lab2_counter_inst/add_7_add_5_21/CI0->lab2_scanning_inst/lab2_counter_inst/add_7_add_5_21/CO0
                                          SLICE_R14C5C       CIN0_TO_COUT0_DELAY     0.277                 15.692  2       
lab2_scanning_inst/lab2_counter_inst/n2158
                                                             NET DELAY               0.000                 15.692  2       
lab2_scanning_inst/lab2_counter_inst/add_7_add_5_21/CI1->lab2_scanning_inst/lab2_counter_inst/add_7_add_5_21/CO1
                                          SLICE_R14C5C       CIN1_TO_COUT1_DELAY     0.277                 15.969  2       
lab2_scanning_inst/lab2_counter_inst/n1057
                                                             NET DELAY               0.000                 15.969  2       
lab2_scanning_inst/lab2_counter_inst/add_7_add_5_23/CI0->lab2_scanning_inst/lab2_counter_inst/add_7_add_5_23/CO0
                                          SLICE_R14C5D       CIN0_TO_COUT0_DELAY     0.277                 16.246  2       
lab2_scanning_inst/lab2_counter_inst/n2161
                                                             NET DELAY               0.000                 16.246  2       
lab2_scanning_inst/lab2_counter_inst/add_7_add_5_23/CI1->lab2_scanning_inst/lab2_counter_inst/add_7_add_5_23/CO1
                                          SLICE_R14C5D       CIN1_TO_COUT1_DELAY     0.277                 16.523  2       
lab2_scanning_inst/lab2_counter_inst/n1059
                                                             NET DELAY               0.555                 17.078  2       
lab2_scanning_inst/lab2_counter_inst/add_7_add_5_25/CI0->lab2_scanning_inst/lab2_counter_inst/add_7_add_5_25/CO0
                                          SLICE_R14C6A       CIN0_TO_COUT0_DELAY     0.277                 17.355  2       
lab2_scanning_inst/lab2_counter_inst/n2164
                                                             NET DELAY               0.000                 17.355  2       
lab2_scanning_inst/lab2_counter_inst/add_7_add_5_25/CI1->lab2_scanning_inst/lab2_counter_inst/add_7_add_5_25/CO1
                                          SLICE_R14C6A       CIN1_TO_COUT1_DELAY     0.277                 17.632  2       
lab2_scanning_inst/lab2_counter_inst/n1061
                                                             NET DELAY               0.000                 17.632  2       
lab2_scanning_inst/lab2_counter_inst/add_7_add_5_27/CI0->lab2_scanning_inst/lab2_counter_inst/add_7_add_5_27/CO0
                                          SLICE_R14C6B       CIN0_TO_COUT0_DELAY     0.277                 17.909  2       
lab2_scanning_inst/lab2_counter_inst/n2167
                                                             NET DELAY               0.661                 18.570  2       
lab2_scanning_inst/lab2_counter_inst/add_7_add_5_27/D1->lab2_scanning_inst/lab2_counter_inst/add_7_add_5_27/S1
                                          SLICE_R14C6B       D1_TO_F1_DELAY          0.449                 19.019  1       
lab2_scanning_inst/lab2_counter_inst/n167[26]
                                                             NET DELAY               2.763                 21.782  1       
lab2_scanning_inst/lab2_counter_inst/i643_2_lut/A->lab2_scanning_inst/lab2_counter_inst/i643_2_lut/Z
                                          SLICE_R14C7C       D1_TO_F1_DELAY          0.476                 22.258  1       
lab2_scanning_inst/lab2_counter_inst/n40[26]
                                                             NET DELAY               0.000                 22.258  1       
lab2_scanning_inst/lab2_counter_inst/count_state__i26/D
                                                             ENDPOINT                0.000                 22.258  1       


Destination Clock Path
Name                                      Cell/Site Name     Delay Name           Incr      Arrival/Required Time  Fanout  
----------------------------------------  -----------------  -------------------  --------  ---------------------  ------  
                                                             CONSTRAINT              0.000                 20.833  1       
hf_osc/CLKHF                              HFOSC_HFOSC_R1C32  CLOCK LATENCY           0.000                 20.833  36      
lab2_scanning_inst/lab2_counter_inst/clk                     NET DELAY               5.499                 26.332  36      
{lab2_scanning_inst/lab2_counter_inst/count_state__i25/CK   lab2_scanning_inst/lab2_counter_inst/count_state__i26/CK}
                                                             CLOCK PIN               0.000                 26.332  1       
                                                             Uncertainty          -(0.000)                 26.332  
                                                             Setup time           -(0.198)                 26.134  
----------------------------------------  -----------------  -------------------  --------  ---------------------  ------  
Required Time                                                                                              26.134  
Arrival Time                                                                                            -(22.257)  
----------------------------------------  -----------------  -------------------  --------  ---------------------  ------  
Path Slack  (Passed)                                                                                        3.876  




++++ Path 9 ++++++++++++++++++++++++++++++++++++++++++++++++++++++++++ 

Path Begin       : lab2_scanning_inst/lab2_counter_inst/count_state__i0/Q  (SLICE_R13C4B)
Path End         : lab2_scanning_inst/lab2_counter_inst/count_state__i28/D  (SLICE_R14C7D)
Source Clock     : clk (R)
Destination Clock: clk (R)
Logic Level      : 31
Delay Ratio      : 39.3% (route), 60.7% (logic)
Clock Skew       : 0.000 ns 
Setup Constraint : 20.833 ns 
Path Slack       : 3.917 ns  (Passed)


Source Clock Path
Name                                      Cell/Site Name     Delay Name           Incr      Arrival/Required Time  Fanout  
----------------------------------------  -----------------  -------------------  --------  ---------------------  ------  
hf_osc/CLKHF                              HFOSC_HFOSC_R1C32  CLOCK LATENCY           0.000                  0.000  36      
lab2_scanning_inst/lab2_counter_inst/clk                     NET DELAY               5.499                  5.499  36      
{lab2_scanning_inst/lab2_counter_inst/count_state__i0/CK   lab2_scanning_inst/lab2_counter_inst/count_state__i1/CK}
                                                             CLOCK PIN               0.000                  5.499  1       


Data Path
Name                                      Cell/Site Name     Delay Name           Incr      Arrival/Required Time  Fanout  
----------------------------------------  -----------------  -------------------  --------  ---------------------  ------  
lab2_scanning_inst/lab2_counter_inst/count_state__i0/CK->lab2_scanning_inst/lab2_counter_inst/count_state__i0/Q
                                          SLICE_R13C4B       CLK_TO_Q0_DELAY         1.388                  6.887  2       
lab2_scanning_inst/lab2_counter_inst/counter[0]
                                                             NET DELAY               2.075                  8.962  2       
lab2_scanning_inst/lab2_counter_inst/add_7_add_5_1/B1->lab2_scanning_inst/lab2_counter_inst/add_7_add_5_1/CO1
                                          SLICE_R14C3A       B1_TO_COUT1_DELAY       0.357                  9.319  2       
lab2_scanning_inst/lab2_counter_inst/n1037
                                                             NET DELAY               0.000                  9.319  2       
lab2_scanning_inst/lab2_counter_inst/add_7_add_5_3/CI0->lab2_scanning_inst/lab2_counter_inst/add_7_add_5_3/CO0
                                          SLICE_R14C3B       CIN0_TO_COUT0_DELAY     0.277                  9.596  2       
lab2_scanning_inst/lab2_counter_inst/n2131
                                                             NET DELAY               0.000                  9.596  2       
lab2_scanning_inst/lab2_counter_inst/add_7_add_5_3/CI1->lab2_scanning_inst/lab2_counter_inst/add_7_add_5_3/CO1
                                          SLICE_R14C3B       CIN1_TO_COUT1_DELAY     0.277                  9.873  2       
lab2_scanning_inst/lab2_counter_inst/n1039
                                                             NET DELAY               0.000                  9.873  2       
lab2_scanning_inst/lab2_counter_inst/add_7_add_5_5/CI0->lab2_scanning_inst/lab2_counter_inst/add_7_add_5_5/CO0
                                          SLICE_R14C3C       CIN0_TO_COUT0_DELAY     0.277                 10.150  2       
lab2_scanning_inst/lab2_counter_inst/n2134
                                                             NET DELAY               0.000                 10.150  2       
lab2_scanning_inst/lab2_counter_inst/add_7_add_5_5/CI1->lab2_scanning_inst/lab2_counter_inst/add_7_add_5_5/CO1
                                          SLICE_R14C3C       CIN1_TO_COUT1_DELAY     0.277                 10.427  2       
lab2_scanning_inst/lab2_counter_inst/n1041
                                                             NET DELAY               0.000                 10.427  2       
lab2_scanning_inst/lab2_counter_inst/add_7_add_5_7/CI0->lab2_scanning_inst/lab2_counter_inst/add_7_add_5_7/CO0
                                          SLICE_R14C3D       CIN0_TO_COUT0_DELAY     0.277                 10.704  2       
lab2_scanning_inst/lab2_counter_inst/n2137
                                                             NET DELAY               0.000                 10.704  2       
lab2_scanning_inst/lab2_counter_inst/add_7_add_5_7/CI1->lab2_scanning_inst/lab2_counter_inst/add_7_add_5_7/CO1
                                          SLICE_R14C3D       CIN1_TO_COUT1_DELAY     0.277                 10.981  2       
lab2_scanning_inst/lab2_counter_inst/n1043
                                                             NET DELAY               0.555                 11.536  2       
lab2_scanning_inst/lab2_counter_inst/add_7_add_5_9/CI0->lab2_scanning_inst/lab2_counter_inst/add_7_add_5_9/CO0
                                          SLICE_R14C4A       CIN0_TO_COUT0_DELAY     0.277                 11.813  2       
lab2_scanning_inst/lab2_counter_inst/n2140
                                                             NET DELAY               0.000                 11.813  2       
lab2_scanning_inst/lab2_counter_inst/add_7_add_5_9/CI1->lab2_scanning_inst/lab2_counter_inst/add_7_add_5_9/CO1
                                          SLICE_R14C4A       CIN1_TO_COUT1_DELAY     0.277                 12.090  2       
lab2_scanning_inst/lab2_counter_inst/n1045
                                                             NET DELAY               0.000                 12.090  2       
lab2_scanning_inst/lab2_counter_inst/add_7_add_5_11/CI0->lab2_scanning_inst/lab2_counter_inst/add_7_add_5_11/CO0
                                          SLICE_R14C4B       CIN0_TO_COUT0_DELAY     0.277                 12.367  2       
lab2_scanning_inst/lab2_counter_inst/n2143
                                                             NET DELAY               0.000                 12.367  2       
lab2_scanning_inst/lab2_counter_inst/add_7_add_5_11/CI1->lab2_scanning_inst/lab2_counter_inst/add_7_add_5_11/CO1
                                          SLICE_R14C4B       CIN1_TO_COUT1_DELAY     0.277                 12.644  2       
lab2_scanning_inst/lab2_counter_inst/n1047
                                                             NET DELAY               0.000                 12.644  2       
lab2_scanning_inst/lab2_counter_inst/add_7_add_5_13/CI0->lab2_scanning_inst/lab2_counter_inst/add_7_add_5_13/CO0
                                          SLICE_R14C4C       CIN0_TO_COUT0_DELAY     0.277                 12.921  2       
lab2_scanning_inst/lab2_counter_inst/n2146
                                                             NET DELAY               0.000                 12.921  2       
lab2_scanning_inst/lab2_counter_inst/add_7_add_5_13/CI1->lab2_scanning_inst/lab2_counter_inst/add_7_add_5_13/CO1
                                          SLICE_R14C4C       CIN1_TO_COUT1_DELAY     0.277                 13.198  2       
lab2_scanning_inst/lab2_counter_inst/n1049
                                                             NET DELAY               0.000                 13.198  2       
lab2_scanning_inst/lab2_counter_inst/add_7_add_5_15/CI0->lab2_scanning_inst/lab2_counter_inst/add_7_add_5_15/CO0
                                          SLICE_R14C4D       CIN0_TO_COUT0_DELAY     0.277                 13.475  2       
lab2_scanning_inst/lab2_counter_inst/n2149
                                                             NET DELAY               0.000                 13.475  2       
lab2_scanning_inst/lab2_counter_inst/add_7_add_5_15/CI1->lab2_scanning_inst/lab2_counter_inst/add_7_add_5_15/CO1
                                          SLICE_R14C4D       CIN1_TO_COUT1_DELAY     0.277                 13.752  2       
lab2_scanning_inst/lab2_counter_inst/n1051
                                                             NET DELAY               0.555                 14.307  2       
lab2_scanning_inst/lab2_counter_inst/add_7_add_5_17/CI0->lab2_scanning_inst/lab2_counter_inst/add_7_add_5_17/CO0
                                          SLICE_R14C5A       CIN0_TO_COUT0_DELAY     0.277                 14.584  2       
lab2_scanning_inst/lab2_counter_inst/n2152
                                                             NET DELAY               0.000                 14.584  2       
lab2_scanning_inst/lab2_counter_inst/add_7_add_5_17/CI1->lab2_scanning_inst/lab2_counter_inst/add_7_add_5_17/CO1
                                          SLICE_R14C5A       CIN1_TO_COUT1_DELAY     0.277                 14.861  2       
lab2_scanning_inst/lab2_counter_inst/n1053
                                                             NET DELAY               0.000                 14.861  2       
lab2_scanning_inst/lab2_counter_inst/add_7_add_5_19/CI0->lab2_scanning_inst/lab2_counter_inst/add_7_add_5_19/CO0
                                          SLICE_R14C5B       CIN0_TO_COUT0_DELAY     0.277                 15.138  2       
lab2_scanning_inst/lab2_counter_inst/n2155
                                                             NET DELAY               0.000                 15.138  2       
lab2_scanning_inst/lab2_counter_inst/add_7_add_5_19/CI1->lab2_scanning_inst/lab2_counter_inst/add_7_add_5_19/CO1
                                          SLICE_R14C5B       CIN1_TO_COUT1_DELAY     0.277                 15.415  2       
lab2_scanning_inst/lab2_counter_inst/n1055
                                                             NET DELAY               0.000                 15.415  2       
lab2_scanning_inst/lab2_counter_inst/add_7_add_5_21/CI0->lab2_scanning_inst/lab2_counter_inst/add_7_add_5_21/CO0
                                          SLICE_R14C5C       CIN0_TO_COUT0_DELAY     0.277                 15.692  2       
lab2_scanning_inst/lab2_counter_inst/n2158
                                                             NET DELAY               0.000                 15.692  2       
lab2_scanning_inst/lab2_counter_inst/add_7_add_5_21/CI1->lab2_scanning_inst/lab2_counter_inst/add_7_add_5_21/CO1
                                          SLICE_R14C5C       CIN1_TO_COUT1_DELAY     0.277                 15.969  2       
lab2_scanning_inst/lab2_counter_inst/n1057
                                                             NET DELAY               0.000                 15.969  2       
lab2_scanning_inst/lab2_counter_inst/add_7_add_5_23/CI0->lab2_scanning_inst/lab2_counter_inst/add_7_add_5_23/CO0
                                          SLICE_R14C5D       CIN0_TO_COUT0_DELAY     0.277                 16.246  2       
lab2_scanning_inst/lab2_counter_inst/n2161
                                                             NET DELAY               0.000                 16.246  2       
lab2_scanning_inst/lab2_counter_inst/add_7_add_5_23/CI1->lab2_scanning_inst/lab2_counter_inst/add_7_add_5_23/CO1
                                          SLICE_R14C5D       CIN1_TO_COUT1_DELAY     0.277                 16.523  2       
lab2_scanning_inst/lab2_counter_inst/n1059
                                                             NET DELAY               0.555                 17.078  2       
lab2_scanning_inst/lab2_counter_inst/add_7_add_5_25/CI0->lab2_scanning_inst/lab2_counter_inst/add_7_add_5_25/CO0
                                          SLICE_R14C6A       CIN0_TO_COUT0_DELAY     0.277                 17.355  2       
lab2_scanning_inst/lab2_counter_inst/n2164
                                                             NET DELAY               0.000                 17.355  2       
lab2_scanning_inst/lab2_counter_inst/add_7_add_5_25/CI1->lab2_scanning_inst/lab2_counter_inst/add_7_add_5_25/CO1
                                          SLICE_R14C6A       CIN1_TO_COUT1_DELAY     0.277                 17.632  2       
lab2_scanning_inst/lab2_counter_inst/n1061
                                                             NET DELAY               0.000                 17.632  2       
lab2_scanning_inst/lab2_counter_inst/add_7_add_5_27/CI0->lab2_scanning_inst/lab2_counter_inst/add_7_add_5_27/CO0
                                          SLICE_R14C6B       CIN0_TO_COUT0_DELAY     0.277                 17.909  2       
lab2_scanning_inst/lab2_counter_inst/n2167
                                                             NET DELAY               0.000                 17.909  2       
lab2_scanning_inst/lab2_counter_inst/add_7_add_5_27/CI1->lab2_scanning_inst/lab2_counter_inst/add_7_add_5_27/CO1
                                          SLICE_R14C6B       CIN1_TO_COUT1_DELAY     0.277                 18.186  2       
lab2_scanning_inst/lab2_counter_inst/n1063
                                                             NET DELAY               0.000                 18.186  2       
lab2_scanning_inst/lab2_counter_inst/add_7_add_5_29/CI0->lab2_scanning_inst/lab2_counter_inst/add_7_add_5_29/CO0
                                          SLICE_R14C6C       CIN0_TO_COUT0_DELAY     0.277                 18.463  2       
lab2_scanning_inst/lab2_counter_inst/n2170
                                                             NET DELAY               0.661                 19.124  2       
lab2_scanning_inst/lab2_counter_inst/add_7_add_5_29/D1->lab2_scanning_inst/lab2_counter_inst/add_7_add_5_29/S1
                                          SLICE_R14C6C       D1_TO_F1_DELAY          0.449                 19.573  1       
lab2_scanning_inst/lab2_counter_inst/n167[28]
                                                             NET DELAY               2.168                 21.741  1       
lab2_scanning_inst/lab2_counter_inst/i645_2_lut/A->lab2_scanning_inst/lab2_counter_inst/i645_2_lut/Z
                                          SLICE_R14C7D       D1_TO_F1_DELAY          0.476                 22.217  1       
lab2_scanning_inst/lab2_counter_inst/n40[28]
                                                             NET DELAY               0.000                 22.217  1       
lab2_scanning_inst/lab2_counter_inst/count_state__i28/D
                                                             ENDPOINT                0.000                 22.217  1       


Destination Clock Path
Name                                      Cell/Site Name     Delay Name           Incr      Arrival/Required Time  Fanout  
----------------------------------------  -----------------  -------------------  --------  ---------------------  ------  
                                                             CONSTRAINT              0.000                 20.833  1       
hf_osc/CLKHF                              HFOSC_HFOSC_R1C32  CLOCK LATENCY           0.000                 20.833  36      
lab2_scanning_inst/lab2_counter_inst/clk                     NET DELAY               5.499                 26.332  36      
{lab2_scanning_inst/lab2_counter_inst/count_state__i27/CK   lab2_scanning_inst/lab2_counter_inst/count_state__i28/CK}
                                                             CLOCK PIN               0.000                 26.332  1       
                                                             Uncertainty          -(0.000)                 26.332  
                                                             Setup time           -(0.198)                 26.134  
----------------------------------------  -----------------  -------------------  --------  ---------------------  ------  
Required Time                                                                                              26.134  
Arrival Time                                                                                            -(22.216)  
----------------------------------------  -----------------  -------------------  --------  ---------------------  ------  
Path Slack  (Passed)                                                                                        3.917  




++++ Path 10 ++++++++++++++++++++++++++++++++++++++++++++++++++++++++++ 

Path Begin       : lab2_counter_inst/count_state__i0/Q  (SLICE_R13C8A)
Path End         : lab2_counter_inst/count_state__i28/D  (SLICE_R15C11C)
Source Clock     : clk (R)
Destination Clock: clk (R)
Logic Level      : 31
Delay Ratio      : 39.3% (route), 60.7% (logic)
Clock Skew       : 0.000 ns 
Setup Constraint : 20.833 ns 
Path Slack       : 3.917 ns  (Passed)


Source Clock Path
Name                                      Cell/Site Name     Delay Name           Incr      Arrival/Required Time  Fanout  
----------------------------------------  -----------------  -------------------  --------  ---------------------  ------  
hf_osc/CLKHF                              HFOSC_HFOSC_R1C32  CLOCK LATENCY           0.000                  0.000  36      
lab2_scanning_inst/lab2_counter_inst/clk                     NET DELAY               5.499                  5.499  36      
{lab2_counter_inst/count_state__i0/CK   lab2_counter_inst/count_state__i1/CK}
                                                             CLOCK PIN               0.000                  5.499  1       


Data Path
Name                                      Cell/Site Name     Delay Name           Incr      Arrival/Required Time  Fanout  
----------------------------------------  -----------------  -------------------  --------  ---------------------  ------  
lab2_counter_inst/count_state__i0/CK->lab2_counter_inst/count_state__i0/Q
                                          SLICE_R13C8A       CLK_TO_Q0_DELAY         1.388                  6.887  2       
lab2_counter_inst/count_state[0]                             NET DELAY               2.075                  8.962  2       
lab2_counter_inst/add_7_add_5_1/B1->lab2_counter_inst/add_7_add_5_1/CO1
                                          SLICE_R14C8A       B1_TO_COUT1_DELAY       0.357                  9.319  2       
lab2_counter_inst/n1004                                      NET DELAY               0.000                  9.319  2       
lab2_counter_inst/add_7_add_5_3/CI0->lab2_counter_inst/add_7_add_5_3/CO0
                                          SLICE_R14C8B       CIN0_TO_COUT0_DELAY     0.277                  9.596  2       
lab2_counter_inst/n2080                                      NET DELAY               0.000                  9.596  2       
lab2_counter_inst/add_7_add_5_3/CI1->lab2_counter_inst/add_7_add_5_3/CO1
                                          SLICE_R14C8B       CIN1_TO_COUT1_DELAY     0.277                  9.873  2       
lab2_counter_inst/n1006                                      NET DELAY               0.000                  9.873  2       
lab2_counter_inst/add_7_add_5_5/CI0->lab2_counter_inst/add_7_add_5_5/CO0
                                          SLICE_R14C8C       CIN0_TO_COUT0_DELAY     0.277                 10.150  2       
lab2_counter_inst/n2083                                      NET DELAY               0.000                 10.150  2       
lab2_counter_inst/add_7_add_5_5/CI1->lab2_counter_inst/add_7_add_5_5/CO1
                                          SLICE_R14C8C       CIN1_TO_COUT1_DELAY     0.277                 10.427  2       
lab2_counter_inst/n1008                                      NET DELAY               0.000                 10.427  2       
lab2_counter_inst/add_7_add_5_7/CI0->lab2_counter_inst/add_7_add_5_7/CO0
                                          SLICE_R14C8D       CIN0_TO_COUT0_DELAY     0.277                 10.704  2       
lab2_counter_inst/n2086                                      NET DELAY               0.000                 10.704  2       
lab2_counter_inst/add_7_add_5_7/CI1->lab2_counter_inst/add_7_add_5_7/CO1
                                          SLICE_R14C8D       CIN1_TO_COUT1_DELAY     0.277                 10.981  2       
lab2_counter_inst/n1010                                      NET DELAY               0.555                 11.536  2       
lab2_counter_inst/add_7_add_5_9/CI0->lab2_counter_inst/add_7_add_5_9/CO0
                                          SLICE_R14C9A       CIN0_TO_COUT0_DELAY     0.277                 11.813  2       
lab2_counter_inst/n2089                                      NET DELAY               0.000                 11.813  2       
lab2_counter_inst/add_7_add_5_9/CI1->lab2_counter_inst/add_7_add_5_9/CO1
                                          SLICE_R14C9A       CIN1_TO_COUT1_DELAY     0.277                 12.090  2       
lab2_counter_inst/n1012                                      NET DELAY               0.000                 12.090  2       
lab2_counter_inst/add_7_add_5_11/CI0->lab2_counter_inst/add_7_add_5_11/CO0
                                          SLICE_R14C9B       CIN0_TO_COUT0_DELAY     0.277                 12.367  2       
lab2_counter_inst/n2092                                      NET DELAY               0.000                 12.367  2       
lab2_counter_inst/add_7_add_5_11/CI1->lab2_counter_inst/add_7_add_5_11/CO1
                                          SLICE_R14C9B       CIN1_TO_COUT1_DELAY     0.277                 12.644  2       
lab2_counter_inst/n1014                                      NET DELAY               0.000                 12.644  2       
lab2_counter_inst/add_7_add_5_13/CI0->lab2_counter_inst/add_7_add_5_13/CO0
                                          SLICE_R14C9C       CIN0_TO_COUT0_DELAY     0.277                 12.921  2       
lab2_counter_inst/n2095                                      NET DELAY               0.000                 12.921  2       
lab2_counter_inst/add_7_add_5_13/CI1->lab2_counter_inst/add_7_add_5_13/CO1
                                          SLICE_R14C9C       CIN1_TO_COUT1_DELAY     0.277                 13.198  2       
lab2_counter_inst/n1016                                      NET DELAY               0.000                 13.198  2       
lab2_counter_inst/add_7_add_5_15/CI0->lab2_counter_inst/add_7_add_5_15/CO0
                                          SLICE_R14C9D       CIN0_TO_COUT0_DELAY     0.277                 13.475  2       
lab2_counter_inst/n2098                                      NET DELAY               0.000                 13.475  2       
lab2_counter_inst/add_7_add_5_15/CI1->lab2_counter_inst/add_7_add_5_15/CO1
                                          SLICE_R14C9D       CIN1_TO_COUT1_DELAY     0.277                 13.752  2       
lab2_counter_inst/n1018                                      NET DELAY               0.555                 14.307  2       
lab2_counter_inst/add_7_add_5_17/CI0->lab2_counter_inst/add_7_add_5_17/CO0
                                          SLICE_R14C10A      CIN0_TO_COUT0_DELAY     0.277                 14.584  2       
lab2_counter_inst/n2101                                      NET DELAY               0.000                 14.584  2       
lab2_counter_inst/add_7_add_5_17/CI1->lab2_counter_inst/add_7_add_5_17/CO1
                                          SLICE_R14C10A      CIN1_TO_COUT1_DELAY     0.277                 14.861  2       
lab2_counter_inst/n1020                                      NET DELAY               0.000                 14.861  2       
lab2_counter_inst/add_7_add_5_19/CI0->lab2_counter_inst/add_7_add_5_19/CO0
                                          SLICE_R14C10B      CIN0_TO_COUT0_DELAY     0.277                 15.138  2       
lab2_counter_inst/n2104                                      NET DELAY               0.000                 15.138  2       
lab2_counter_inst/add_7_add_5_19/CI1->lab2_counter_inst/add_7_add_5_19/CO1
                                          SLICE_R14C10B      CIN1_TO_COUT1_DELAY     0.277                 15.415  2       
lab2_counter_inst/n1022                                      NET DELAY               0.000                 15.415  2       
lab2_counter_inst/add_7_add_5_21/CI0->lab2_counter_inst/add_7_add_5_21/CO0
                                          SLICE_R14C10C      CIN0_TO_COUT0_DELAY     0.277                 15.692  2       
lab2_counter_inst/n2107                                      NET DELAY               0.000                 15.692  2       
lab2_counter_inst/add_7_add_5_21/CI1->lab2_counter_inst/add_7_add_5_21/CO1
                                          SLICE_R14C10C      CIN1_TO_COUT1_DELAY     0.277                 15.969  2       
lab2_counter_inst/n1024                                      NET DELAY               0.000                 15.969  2       
lab2_counter_inst/add_7_add_5_23/CI0->lab2_counter_inst/add_7_add_5_23/CO0
                                          SLICE_R14C10D      CIN0_TO_COUT0_DELAY     0.277                 16.246  2       
lab2_counter_inst/n2110                                      NET DELAY               0.000                 16.246  2       
lab2_counter_inst/add_7_add_5_23/CI1->lab2_counter_inst/add_7_add_5_23/CO1
                                          SLICE_R14C10D      CIN1_TO_COUT1_DELAY     0.277                 16.523  2       
lab2_counter_inst/n1026                                      NET DELAY               0.555                 17.078  2       
lab2_counter_inst/add_7_add_5_25/CI0->lab2_counter_inst/add_7_add_5_25/CO0
                                          SLICE_R14C11A      CIN0_TO_COUT0_DELAY     0.277                 17.355  2       
lab2_counter_inst/n2116                                      NET DELAY               0.000                 17.355  2       
lab2_counter_inst/add_7_add_5_25/CI1->lab2_counter_inst/add_7_add_5_25/CO1
                                          SLICE_R14C11A      CIN1_TO_COUT1_DELAY     0.277                 17.632  2       
lab2_counter_inst/n1028                                      NET DELAY               0.000                 17.632  2       
lab2_counter_inst/add_7_add_5_27/CI0->lab2_counter_inst/add_7_add_5_27/CO0
                                          SLICE_R14C11B      CIN0_TO_COUT0_DELAY     0.277                 17.909  2       
lab2_counter_inst/n2119                                      NET DELAY               0.000                 17.909  2       
lab2_counter_inst/add_7_add_5_27/CI1->lab2_counter_inst/add_7_add_5_27/CO1
                                          SLICE_R14C11B      CIN1_TO_COUT1_DELAY     0.277                 18.186  2       
lab2_counter_inst/n1030                                      NET DELAY               0.000                 18.186  2       
lab2_counter_inst/add_7_add_5_29/CI0->lab2_counter_inst/add_7_add_5_29/CO0
                                          SLICE_R14C11C      CIN0_TO_COUT0_DELAY     0.277                 18.463  2       
lab2_counter_inst/n2122                                      NET DELAY               0.661                 19.124  2       
lab2_counter_inst/add_7_add_5_29/D1->lab2_counter_inst/add_7_add_5_29/S1
                                          SLICE_R14C11C      D1_TO_F1_DELAY          0.449                 19.573  1       
lab2_counter_inst/n167[28]                                   NET DELAY               2.168                 21.741  1       
lab2_counter_inst/i559_2_lut/A->lab2_counter_inst/i559_2_lut/Z
                                          SLICE_R15C11C      D1_TO_F1_DELAY          0.476                 22.217  1       
lab2_counter_inst/n40[28]                                    NET DELAY               0.000                 22.217  1       
lab2_counter_inst/count_state__i28/D                         ENDPOINT                0.000                 22.217  1       


Destination Clock Path
Name                                      Cell/Site Name     Delay Name           Incr      Arrival/Required Time  Fanout  
----------------------------------------  -----------------  -------------------  --------  ---------------------  ------  
                                                             CONSTRAINT              0.000                 20.833  1       
hf_osc/CLKHF                              HFOSC_HFOSC_R1C32  CLOCK LATENCY           0.000                 20.833  36      
lab2_scanning_inst/lab2_counter_inst/clk                     NET DELAY               5.499                 26.332  36      
{lab2_counter_inst/count_state__i29/CK   lab2_counter_inst/count_state__i28/CK}
                                                             CLOCK PIN               0.000                 26.332  1       
                                                             Uncertainty          -(0.000)                 26.332  
                                                             Setup time           -(0.198)                 26.134  
----------------------------------------  -----------------  -------------------  --------  ---------------------  ------  
Required Time                                                                                              26.134  
Arrival Time                                                                                            -(22.216)  
----------------------------------------  -----------------  -------------------  --------  ---------------------  ------  
Path Slack  (Passed)                                                                                        3.917  



+++++++++++++++++++++++++++++++++++++++++++++++++++++++++++++++++++++ 
                    End of Detailed Report for timing paths 
+++++++++++++++++++++++++++++++++++++++++++++++++++++++++++++++++++++ 


##########################################################



===============================================================
3  Hold at Speed Grade m Corner at -40 Degrees
===============================================================

3.1  Endpoint slacks
=======================
-------------------------------------------------------
          Listing 10 End Points          |    Slack    
-------------------------------------------------------
lab2_scanning_inst/lab2_counter_inst/clk_state/D              
                                         |    1.743 ns 
lab2_counter_inst/clk_state/D            |    1.913 ns 
lab2_scanning_inst/lab2_counter_inst/count_state__i27/D              
                                         |    3.143 ns 
lab2_scanning_inst/lab2_counter_inst/count_state__i28/D              
                                         |    3.143 ns 
lab2_scanning_inst/lab2_counter_inst/count_state__i25/D              
                                         |    3.143 ns 
lab2_scanning_inst/lab2_counter_inst/count_state__i10/D              
                                         |    3.143 ns 
lab2_scanning_inst/lab2_counter_inst/count_state__i4/D              
                                         |    3.143 ns 
lab2_counter_inst/count_state__i29/D     |    3.143 ns 
lab2_counter_inst/count_state__i28/D     |    3.143 ns 
lab2_counter_inst/count_state__i30/D     |    3.143 ns 
-------------------------------------------------------
                                         |             
Hold # of endpoints with negative slack: |           0 
                                         |             
-------------------------------------------------------

3.2  Detailed Report
=======================


XXXXXXXXXXXXXXXXXXXXXXXXXXXXXXXXXXXXXXXXXXXXXXXXXXXXXXXXXX

Detail report of critical paths

XXXXXXXXXXXXXXXXXXXXXXXXXXXXXXXXXXXXXXXXXXXXXXXXXXXXXXXXXX

+++++++++++++++++++++++++++++++++++++++++++++++++++++++++++++++++++++ 
                    Detailed Report for timing paths 
+++++++++++++++++++++++++++++++++++++++++++++++++++++++++++++++++++++ 

++++ Path 1 ++++++++++++++++++++++++++++++++++++++++++++++++++++++++++ 

Path Begin       : lab2_scanning_inst/lab2_counter_inst/clk_state/Q  (SLICE_R15C4C)
Path End         : lab2_scanning_inst/lab2_counter_inst/clk_state/D  (SLICE_R15C4C)
Source Clock     : clk (R)
Destination Clock: clk (R)
Logic Level      : 2
Delay Ratio      : 40.8% (route), 59.2% (logic)
Clock Skew       : 0.000 ns 
Hold Constraint  : 0.000 ns 
Path Slack       : 1.743 ns  (Passed)


Source Clock Path
Name                                      Cell/Site Name     Delay Name       Incr   Arrival/Required Time  Fanout  
----------------------------------------  -----------------  ---------------  -----  ---------------------  ------  
hf_osc/CLKHF                              HFOSC_HFOSC_R1C32  CLOCK LATENCY    0.000                  0.000  37      
lab2_scanning_inst/lab2_counter_inst/clk                     NET DELAY        3.084                  3.084  37      
lab2_scanning_inst/lab2_counter_inst/clk_state/CK
                                                             CLOCK PIN        0.000                  3.084  1       


Data Path
Name                                      Cell/Site Name     Delay Name       Incr   Arrival/Required Time  Fanout  
----------------------------------------  -----------------  ---------------  -----  ---------------------  ------  
lab2_scanning_inst/lab2_counter_inst/clk_state/CK->lab2_scanning_inst/lab2_counter_inst/clk_state/Q
                                          SLICE_R15C4C       CLK_TO_Q1_DELAY  0.779                  3.863  5       
lab2_scanning_inst/lab2_counter_inst/clk_new
                                                             NET DELAY        0.712                  4.575  5       
lab2_scanning_inst/lab2_counter_inst/i21_2_lut/A->lab2_scanning_inst/lab2_counter_inst/i21_2_lut/Z
                                          SLICE_R15C4C       D1_TO_F1_DELAY   0.252                  4.827  1       
lab2_scanning_inst/lab2_counter_inst/n73                     NET DELAY        0.000                  4.827  1       
lab2_scanning_inst/lab2_counter_inst/clk_state/D
                                                             ENDPOINT         0.000                  4.827  1       


Destination Clock Path
Name                                      Cell/Site Name     Delay Name       Incr   Arrival/Required Time  Fanout  
----------------------------------------  -----------------  ---------------  -----  ---------------------  ------  
                                                             CONSTRAINT       0.000                  0.000  1       
hf_osc/CLKHF                              HFOSC_HFOSC_R1C32  CLOCK LATENCY    0.000                  0.000  37      
lab2_scanning_inst/lab2_counter_inst/clk                     NET DELAY        3.084                  3.084  37      
lab2_scanning_inst/lab2_counter_inst/clk_state/CK
                                                             CLOCK PIN        0.000                  3.084  1       
                                                             Uncertainty      0.000                  3.084  
                                                             Hold time        0.000                  3.084  
----------------------------------------  -----------------  ---------------  -----  ---------------------  ------  
Required Time                                                                                       -3.084  
Arrival Time                                                                                         4.827  
----------------------------------------  -----------------  ---------------  -----  ---------------------  ------  
Path Slack  (Passed)                                                                                 1.743  




++++ Path 2 ++++++++++++++++++++++++++++++++++++++++++++++++++++++++++ 

Path Begin       : lab2_counter_inst/clk_state/Q  (SLICE_R15C8B)
Path End         : lab2_counter_inst/clk_state/D  (SLICE_R15C8B)
Source Clock     : clk (R)
Destination Clock: clk (R)
Logic Level      : 2
Delay Ratio      : 46.1% (route), 53.9% (logic)
Clock Skew       : 0.000 ns 
Hold Constraint  : 0.000 ns 
Path Slack       : 1.913 ns  (Passed)


Source Clock Path
Name                                      Cell/Site Name     Delay Name       Incr   Arrival/Required Time  Fanout  
----------------------------------------  -----------------  ---------------  -----  ---------------------  ------  
hf_osc/CLKHF                              HFOSC_HFOSC_R1C32  CLOCK LATENCY    0.000                  0.000  37      
lab2_scanning_inst/lab2_counter_inst/clk                     NET DELAY        3.084                  3.084  37      
lab2_counter_inst/clk_state/CK                               CLOCK PIN        0.000                  3.084  1       


Data Path
Name                                      Cell/Site Name     Delay Name       Incr   Arrival/Required Time  Fanout  
----------------------------------------  -----------------  ---------------  -----  ---------------------  ------  
lab2_counter_inst/clk_state/CK->lab2_counter_inst/clk_state/Q
                                          SLICE_R15C8B       CLK_TO_Q1_DELAY  0.779                  3.863  7       
lab2_counter_inst/power_c                                    NET DELAY        0.882                  4.745  7       
lab2_counter_inst/i21_2_lut/A->lab2_counter_inst/i21_2_lut/Z
                                          SLICE_R15C8B       C1_TO_F1_DELAY   0.252                  4.997  1       
lab2_counter_inst/n73                                        NET DELAY        0.000                  4.997  1       
lab2_counter_inst/clk_state/D                                ENDPOINT         0.000                  4.997  1       


Destination Clock Path
Name                                      Cell/Site Name     Delay Name       Incr   Arrival/Required Time  Fanout  
----------------------------------------  -----------------  ---------------  -----  ---------------------  ------  
                                                             CONSTRAINT       0.000                  0.000  1       
hf_osc/CLKHF                              HFOSC_HFOSC_R1C32  CLOCK LATENCY    0.000                  0.000  37      
lab2_scanning_inst/lab2_counter_inst/clk                     NET DELAY        3.084                  3.084  37      
lab2_counter_inst/clk_state/CK                               CLOCK PIN        0.000                  3.084  1       
                                                             Uncertainty      0.000                  3.084  
                                                             Hold time        0.000                  3.084  
----------------------------------------  -----------------  ---------------  -----  ---------------------  ------  
Required Time                                                                                       -3.084  
Arrival Time                                                                                         4.997  
----------------------------------------  -----------------  ---------------  -----  ---------------------  ------  
Path Slack  (Passed)                                                                                 1.913  




++++ Path 3 ++++++++++++++++++++++++++++++++++++++++++++++++++++++++++ 

Path Begin       : lab2_scanning_inst/lab2_counter_inst/count_state__i27/Q  (SLICE_R14C7D)
Path End         : lab2_scanning_inst/lab2_counter_inst/count_state__i27/D  (SLICE_R14C7D)
Source Clock     : clk (R)
Destination Clock: clk (R)
Logic Level      : 3
Delay Ratio      : 58.7% (route), 41.3% (logic)
Clock Skew       : 0.000 ns 
Hold Constraint  : 0.000 ns 
Path Slack       : 3.143 ns  (Passed)


Source Clock Path
Name                                      Cell/Site Name     Delay Name       Incr   Arrival/Required Time  Fanout  
----------------------------------------  -----------------  ---------------  -----  ---------------------  ------  
hf_osc/CLKHF                              HFOSC_HFOSC_R1C32  CLOCK LATENCY    0.000                  0.000  37      
lab2_scanning_inst/lab2_counter_inst/clk                     NET DELAY        3.084                  3.084  37      
{lab2_scanning_inst/lab2_counter_inst/count_state__i27/CK   lab2_scanning_inst/lab2_counter_inst/count_state__i28/CK}
                                                             CLOCK PIN        0.000                  3.084  1       


Data Path
Name                                      Cell/Site Name     Delay Name       Incr   Arrival/Required Time  Fanout  
----------------------------------------  -----------------  ---------------  -----  ---------------------  ------  
lab2_scanning_inst/lab2_counter_inst/count_state__i27/CK->lab2_scanning_inst/lab2_counter_inst/count_state__i27/Q
                                          SLICE_R14C7D       CLK_TO_Q0_DELAY  0.779                  3.863  2       
lab2_scanning_inst/lab2_counter_inst/counter[27]
                                                             NET DELAY        0.912                  4.775  2       
lab2_scanning_inst/lab2_counter_inst/add_7_add_5_29/B0->lab2_scanning_inst/lab2_counter_inst/add_7_add_5_29/S0
                                          SLICE_R14C6C       B0_TO_F0_DELAY   0.266                  5.041  1       
lab2_scanning_inst/lab2_counter_inst/n167[27]
                                                             NET DELAY        0.934                  5.975  1       
lab2_scanning_inst/lab2_counter_inst/i644_2_lut/A->lab2_scanning_inst/lab2_counter_inst/i644_2_lut/Z
                                          SLICE_R14C7D       D0_TO_F0_DELAY   0.252                  6.227  1       
lab2_scanning_inst/lab2_counter_inst/n40[27]
                                                             NET DELAY        0.000                  6.227  1       
lab2_scanning_inst/lab2_counter_inst/count_state__i27/D
                                                             ENDPOINT         0.000                  6.227  1       


Destination Clock Path
Name                                      Cell/Site Name     Delay Name       Incr   Arrival/Required Time  Fanout  
----------------------------------------  -----------------  ---------------  -----  ---------------------  ------  
                                                             CONSTRAINT       0.000                  0.000  1       
hf_osc/CLKHF                              HFOSC_HFOSC_R1C32  CLOCK LATENCY    0.000                  0.000  37      
lab2_scanning_inst/lab2_counter_inst/clk                     NET DELAY        3.084                  3.084  37      
{lab2_scanning_inst/lab2_counter_inst/count_state__i27/CK   lab2_scanning_inst/lab2_counter_inst/count_state__i28/CK}
                                                             CLOCK PIN        0.000                  3.084  1       
                                                             Uncertainty      0.000                  3.084  
                                                             Hold time        0.000                  3.084  
----------------------------------------  -----------------  ---------------  -----  ---------------------  ------  
Required Time                                                                                       -3.084  
Arrival Time                                                                                         6.227  
----------------------------------------  -----------------  ---------------  -----  ---------------------  ------  
Path Slack  (Passed)                                                                                 3.143  




++++ Path 4 ++++++++++++++++++++++++++++++++++++++++++++++++++++++++++ 

Path Begin       : lab2_scanning_inst/lab2_counter_inst/count_state__i28/Q  (SLICE_R14C7D)
Path End         : lab2_scanning_inst/lab2_counter_inst/count_state__i28/D  (SLICE_R14C7D)
Source Clock     : clk (R)
Destination Clock: clk (R)
Logic Level      : 3
Delay Ratio      : 58.7% (route), 41.3% (logic)
Clock Skew       : 0.000 ns 
Hold Constraint  : 0.000 ns 
Path Slack       : 3.143 ns  (Passed)


Source Clock Path
Name                                      Cell/Site Name     Delay Name       Incr   Arrival/Required Time  Fanout  
----------------------------------------  -----------------  ---------------  -----  ---------------------  ------  
hf_osc/CLKHF                              HFOSC_HFOSC_R1C32  CLOCK LATENCY    0.000                  0.000  37      
lab2_scanning_inst/lab2_counter_inst/clk                     NET DELAY        3.084                  3.084  37      
{lab2_scanning_inst/lab2_counter_inst/count_state__i27/CK   lab2_scanning_inst/lab2_counter_inst/count_state__i28/CK}
                                                             CLOCK PIN        0.000                  3.084  1       


Data Path
Name                                      Cell/Site Name     Delay Name       Incr   Arrival/Required Time  Fanout  
----------------------------------------  -----------------  ---------------  -----  ---------------------  ------  
lab2_scanning_inst/lab2_counter_inst/count_state__i28/CK->lab2_scanning_inst/lab2_counter_inst/count_state__i28/Q
                                          SLICE_R14C7D       CLK_TO_Q1_DELAY  0.779                  3.863  2       
lab2_scanning_inst/lab2_counter_inst/counter[28]
                                                             NET DELAY        0.912                  4.775  2       
lab2_scanning_inst/lab2_counter_inst/add_7_add_5_29/B1->lab2_scanning_inst/lab2_counter_inst/add_7_add_5_29/S1
                                          SLICE_R14C6C       B1_TO_F1_DELAY   0.266                  5.041  1       
lab2_scanning_inst/lab2_counter_inst/n167[28]
                                                             NET DELAY        0.934                  5.975  1       
lab2_scanning_inst/lab2_counter_inst/i645_2_lut/A->lab2_scanning_inst/lab2_counter_inst/i645_2_lut/Z
                                          SLICE_R14C7D       D1_TO_F1_DELAY   0.252                  6.227  1       
lab2_scanning_inst/lab2_counter_inst/n40[28]
                                                             NET DELAY        0.000                  6.227  1       
lab2_scanning_inst/lab2_counter_inst/count_state__i28/D
                                                             ENDPOINT         0.000                  6.227  1       


Destination Clock Path
Name                                      Cell/Site Name     Delay Name       Incr   Arrival/Required Time  Fanout  
----------------------------------------  -----------------  ---------------  -----  ---------------------  ------  
                                                             CONSTRAINT       0.000                  0.000  1       
hf_osc/CLKHF                              HFOSC_HFOSC_R1C32  CLOCK LATENCY    0.000                  0.000  37      
lab2_scanning_inst/lab2_counter_inst/clk                     NET DELAY        3.084                  3.084  37      
{lab2_scanning_inst/lab2_counter_inst/count_state__i27/CK   lab2_scanning_inst/lab2_counter_inst/count_state__i28/CK}
                                                             CLOCK PIN        0.000                  3.084  1       
                                                             Uncertainty      0.000                  3.084  
                                                             Hold time        0.000                  3.084  
----------------------------------------  -----------------  ---------------  -----  ---------------------  ------  
Required Time                                                                                       -3.084  
Arrival Time                                                                                         6.227  
----------------------------------------  -----------------  ---------------  -----  ---------------------  ------  
Path Slack  (Passed)                                                                                 3.143  




++++ Path 5 ++++++++++++++++++++++++++++++++++++++++++++++++++++++++++ 

Path Begin       : lab2_scanning_inst/lab2_counter_inst/count_state__i25/Q  (SLICE_R14C7C)
Path End         : lab2_scanning_inst/lab2_counter_inst/count_state__i25/D  (SLICE_R14C7C)
Source Clock     : clk (R)
Destination Clock: clk (R)
Logic Level      : 3
Delay Ratio      : 58.7% (route), 41.3% (logic)
Clock Skew       : 0.000 ns 
Hold Constraint  : 0.000 ns 
Path Slack       : 3.143 ns  (Passed)


Source Clock Path
Name                                      Cell/Site Name     Delay Name       Incr   Arrival/Required Time  Fanout  
----------------------------------------  -----------------  ---------------  -----  ---------------------  ------  
hf_osc/CLKHF                              HFOSC_HFOSC_R1C32  CLOCK LATENCY    0.000                  0.000  37      
lab2_scanning_inst/lab2_counter_inst/clk                     NET DELAY        3.084                  3.084  37      
{lab2_scanning_inst/lab2_counter_inst/count_state__i25/CK   lab2_scanning_inst/lab2_counter_inst/count_state__i26/CK}
                                                             CLOCK PIN        0.000                  3.084  1       


Data Path
Name                                      Cell/Site Name     Delay Name       Incr   Arrival/Required Time  Fanout  
----------------------------------------  -----------------  ---------------  -----  ---------------------  ------  
lab2_scanning_inst/lab2_counter_inst/count_state__i25/CK->lab2_scanning_inst/lab2_counter_inst/count_state__i25/Q
                                          SLICE_R14C7C       CLK_TO_Q0_DELAY  0.779                  3.863  2       
lab2_scanning_inst/lab2_counter_inst/counter[25]
                                                             NET DELAY        0.912                  4.775  2       
lab2_scanning_inst/lab2_counter_inst/add_7_add_5_27/B0->lab2_scanning_inst/lab2_counter_inst/add_7_add_5_27/S0
                                          SLICE_R14C6B       B0_TO_F0_DELAY   0.266                  5.041  1       
lab2_scanning_inst/lab2_counter_inst/n167[25]
                                                             NET DELAY        0.934                  5.975  1       
lab2_scanning_inst/lab2_counter_inst/i642_2_lut/A->lab2_scanning_inst/lab2_counter_inst/i642_2_lut/Z
                                          SLICE_R14C7C       D0_TO_F0_DELAY   0.252                  6.227  1       
lab2_scanning_inst/lab2_counter_inst/n40[25]
                                                             NET DELAY        0.000                  6.227  1       
lab2_scanning_inst/lab2_counter_inst/count_state__i25/D
                                                             ENDPOINT         0.000                  6.227  1       


Destination Clock Path
Name                                      Cell/Site Name     Delay Name       Incr   Arrival/Required Time  Fanout  
----------------------------------------  -----------------  ---------------  -----  ---------------------  ------  
                                                             CONSTRAINT       0.000                  0.000  1       
hf_osc/CLKHF                              HFOSC_HFOSC_R1C32  CLOCK LATENCY    0.000                  0.000  37      
lab2_scanning_inst/lab2_counter_inst/clk                     NET DELAY        3.084                  3.084  37      
{lab2_scanning_inst/lab2_counter_inst/count_state__i25/CK   lab2_scanning_inst/lab2_counter_inst/count_state__i26/CK}
                                                             CLOCK PIN        0.000                  3.084  1       
                                                             Uncertainty      0.000                  3.084  
                                                             Hold time        0.000                  3.084  
----------------------------------------  -----------------  ---------------  -----  ---------------------  ------  
Required Time                                                                                       -3.084  
Arrival Time                                                                                         6.227  
----------------------------------------  -----------------  ---------------  -----  ---------------------  ------  
Path Slack  (Passed)                                                                                 3.143  




++++ Path 6 ++++++++++++++++++++++++++++++++++++++++++++++++++++++++++ 

Path Begin       : lab2_scanning_inst/lab2_counter_inst/count_state__i10/Q  (SLICE_R15C4D)
Path End         : lab2_scanning_inst/lab2_counter_inst/count_state__i10/D  (SLICE_R15C4D)
Source Clock     : clk (R)
Destination Clock: clk (R)
Logic Level      : 3
Delay Ratio      : 58.7% (route), 41.3% (logic)
Clock Skew       : 0.000 ns 
Hold Constraint  : 0.000 ns 
Path Slack       : 3.143 ns  (Passed)


Source Clock Path
Name                                      Cell/Site Name     Delay Name       Incr   Arrival/Required Time  Fanout  
----------------------------------------  -----------------  ---------------  -----  ---------------------  ------  
hf_osc/CLKHF                              HFOSC_HFOSC_R1C32  CLOCK LATENCY    0.000                  0.000  37      
lab2_scanning_inst/lab2_counter_inst/clk                     NET DELAY        3.084                  3.084  37      
{lab2_scanning_inst/lab2_counter_inst/count_state__i9/CK   lab2_scanning_inst/lab2_counter_inst/count_state__i10/CK}
                                                             CLOCK PIN        0.000                  3.084  1       


Data Path
Name                                      Cell/Site Name     Delay Name       Incr   Arrival/Required Time  Fanout  
----------------------------------------  -----------------  ---------------  -----  ---------------------  ------  
lab2_scanning_inst/lab2_counter_inst/count_state__i10/CK->lab2_scanning_inst/lab2_counter_inst/count_state__i10/Q
                                          SLICE_R15C4D       CLK_TO_Q1_DELAY  0.779                  3.863  4       
lab2_scanning_inst/lab2_counter_inst/counter[10]
                                                             NET DELAY        0.912                  4.775  4       
lab2_scanning_inst/lab2_counter_inst/add_7_add_5_11/B1->lab2_scanning_inst/lab2_counter_inst/add_7_add_5_11/S1
                                          SLICE_R14C4B       B1_TO_F1_DELAY   0.266                  5.041  1       
lab2_scanning_inst/lab2_counter_inst/n167[10]
                                                             NET DELAY        0.934                  5.975  1       
lab2_scanning_inst/lab2_counter_inst/i627_2_lut/A->lab2_scanning_inst/lab2_counter_inst/i627_2_lut/Z
                                          SLICE_R15C4D       D1_TO_F1_DELAY   0.252                  6.227  1       
lab2_scanning_inst/lab2_counter_inst/n40[10]
                                                             NET DELAY        0.000                  6.227  1       
lab2_scanning_inst/lab2_counter_inst/count_state__i10/D
                                                             ENDPOINT         0.000                  6.227  1       


Destination Clock Path
Name                                      Cell/Site Name     Delay Name       Incr   Arrival/Required Time  Fanout  
----------------------------------------  -----------------  ---------------  -----  ---------------------  ------  
                                                             CONSTRAINT       0.000                  0.000  1       
hf_osc/CLKHF                              HFOSC_HFOSC_R1C32  CLOCK LATENCY    0.000                  0.000  37      
lab2_scanning_inst/lab2_counter_inst/clk                     NET DELAY        3.084                  3.084  37      
{lab2_scanning_inst/lab2_counter_inst/count_state__i9/CK   lab2_scanning_inst/lab2_counter_inst/count_state__i10/CK}
                                                             CLOCK PIN        0.000                  3.084  1       
                                                             Uncertainty      0.000                  3.084  
                                                             Hold time        0.000                  3.084  
----------------------------------------  -----------------  ---------------  -----  ---------------------  ------  
Required Time                                                                                       -3.084  
Arrival Time                                                                                         6.227  
----------------------------------------  -----------------  ---------------  -----  ---------------------  ------  
Path Slack  (Passed)                                                                                 3.143  




++++ Path 7 ++++++++++++++++++++++++++++++++++++++++++++++++++++++++++ 

Path Begin       : lab2_scanning_inst/lab2_counter_inst/count_state__i4/Q  (SLICE_R13C3C)
Path End         : lab2_scanning_inst/lab2_counter_inst/count_state__i4/D  (SLICE_R13C3C)
Source Clock     : clk (R)
Destination Clock: clk (R)
Logic Level      : 3
Delay Ratio      : 58.7% (route), 41.3% (logic)
Clock Skew       : 0.000 ns 
Hold Constraint  : 0.000 ns 
Path Slack       : 3.143 ns  (Passed)


Source Clock Path
Name                                      Cell/Site Name     Delay Name       Incr   Arrival/Required Time  Fanout  
----------------------------------------  -----------------  ---------------  -----  ---------------------  ------  
hf_osc/CLKHF                              HFOSC_HFOSC_R1C32  CLOCK LATENCY    0.000                  0.000  37      
lab2_scanning_inst/lab2_counter_inst/clk                     NET DELAY        3.084                  3.084  37      
{lab2_scanning_inst/lab2_counter_inst/count_state__i4/CK   lab2_scanning_inst/lab2_counter_inst/count_state__i5/CK}
                                                             CLOCK PIN        0.000                  3.084  1       


Data Path
Name                                      Cell/Site Name     Delay Name       Incr   Arrival/Required Time  Fanout  
----------------------------------------  -----------------  ---------------  -----  ---------------------  ------  
lab2_scanning_inst/lab2_counter_inst/count_state__i4/CK->lab2_scanning_inst/lab2_counter_inst/count_state__i4/Q
                                          SLICE_R13C3C       CLK_TO_Q0_DELAY  0.779                  3.863  2       
lab2_scanning_inst/lab2_counter_inst/counter[4]
                                                             NET DELAY        0.912                  4.775  2       
lab2_scanning_inst/lab2_counter_inst/add_7_add_5_5/B1->lab2_scanning_inst/lab2_counter_inst/add_7_add_5_5/S1
                                          SLICE_R14C3C       B1_TO_F1_DELAY   0.266                  5.041  1       
lab2_scanning_inst/lab2_counter_inst/n167[4]
                                                             NET DELAY        0.934                  5.975  1       
lab2_scanning_inst/lab2_counter_inst/i621_2_lut/A->lab2_scanning_inst/lab2_counter_inst/i621_2_lut/Z
                                          SLICE_R13C3C       D0_TO_F0_DELAY   0.252                  6.227  1       
lab2_scanning_inst/lab2_counter_inst/n40[4]
                                                             NET DELAY        0.000                  6.227  1       
lab2_scanning_inst/lab2_counter_inst/count_state__i4/D
                                                             ENDPOINT         0.000                  6.227  1       


Destination Clock Path
Name                                      Cell/Site Name     Delay Name       Incr   Arrival/Required Time  Fanout  
----------------------------------------  -----------------  ---------------  -----  ---------------------  ------  
                                                             CONSTRAINT       0.000                  0.000  1       
hf_osc/CLKHF                              HFOSC_HFOSC_R1C32  CLOCK LATENCY    0.000                  0.000  37      
lab2_scanning_inst/lab2_counter_inst/clk                     NET DELAY        3.084                  3.084  37      
{lab2_scanning_inst/lab2_counter_inst/count_state__i4/CK   lab2_scanning_inst/lab2_counter_inst/count_state__i5/CK}
                                                             CLOCK PIN        0.000                  3.084  1       
                                                             Uncertainty      0.000                  3.084  
                                                             Hold time        0.000                  3.084  
----------------------------------------  -----------------  ---------------  -----  ---------------------  ------  
Required Time                                                                                       -3.084  
Arrival Time                                                                                         6.227  
----------------------------------------  -----------------  ---------------  -----  ---------------------  ------  
Path Slack  (Passed)                                                                                 3.143  




++++ Path 8 ++++++++++++++++++++++++++++++++++++++++++++++++++++++++++ 

Path Begin       : lab2_counter_inst/count_state__i29/Q  (SLICE_R15C11C)
Path End         : lab2_counter_inst/count_state__i29/D  (SLICE_R15C11C)
Source Clock     : clk (R)
Destination Clock: clk (R)
Logic Level      : 3
Delay Ratio      : 58.7% (route), 41.3% (logic)
Clock Skew       : 0.000 ns 
Hold Constraint  : 0.000 ns 
Path Slack       : 3.143 ns  (Passed)


Source Clock Path
Name                                      Cell/Site Name     Delay Name       Incr   Arrival/Required Time  Fanout  
----------------------------------------  -----------------  ---------------  -----  ---------------------  ------  
hf_osc/CLKHF                              HFOSC_HFOSC_R1C32  CLOCK LATENCY    0.000                  0.000  37      
lab2_scanning_inst/lab2_counter_inst/clk                     NET DELAY        3.084                  3.084  37      
{lab2_counter_inst/count_state__i29/CK   lab2_counter_inst/count_state__i28/CK}
                                                             CLOCK PIN        0.000                  3.084  1       


Data Path
Name                                      Cell/Site Name     Delay Name       Incr   Arrival/Required Time  Fanout  
----------------------------------------  -----------------  ---------------  -----  ---------------------  ------  
lab2_counter_inst/count_state__i29/CK->lab2_counter_inst/count_state__i29/Q
                                          SLICE_R15C11C      CLK_TO_Q0_DELAY  0.779                  3.863  2       
lab2_counter_inst/count_state[29]                            NET DELAY        0.912                  4.775  2       
lab2_counter_inst/add_7_add_5_31/B0->lab2_counter_inst/add_7_add_5_31/S0
                                          SLICE_R14C11D      B0_TO_F0_DELAY   0.266                  5.041  1       
lab2_counter_inst/n167[29]                                   NET DELAY        0.934                  5.975  1       
lab2_counter_inst/i558_2_lut/A->lab2_counter_inst/i558_2_lut/Z
                                          SLICE_R15C11C      D0_TO_F0_DELAY   0.252                  6.227  1       
lab2_counter_inst/n40[29]                                    NET DELAY        0.000                  6.227  1       
lab2_counter_inst/count_state__i29/D                         ENDPOINT         0.000                  6.227  1       


Destination Clock Path
Name                                      Cell/Site Name     Delay Name       Incr   Arrival/Required Time  Fanout  
----------------------------------------  -----------------  ---------------  -----  ---------------------  ------  
                                                             CONSTRAINT       0.000                  0.000  1       
hf_osc/CLKHF                              HFOSC_HFOSC_R1C32  CLOCK LATENCY    0.000                  0.000  37      
lab2_scanning_inst/lab2_counter_inst/clk                     NET DELAY        3.084                  3.084  37      
{lab2_counter_inst/count_state__i29/CK   lab2_counter_inst/count_state__i28/CK}
                                                             CLOCK PIN        0.000                  3.084  1       
                                                             Uncertainty      0.000                  3.084  
                                                             Hold time        0.000                  3.084  
----------------------------------------  -----------------  ---------------  -----  ---------------------  ------  
Required Time                                                                                       -3.084  
Arrival Time                                                                                         6.227  
----------------------------------------  -----------------  ---------------  -----  ---------------------  ------  
Path Slack  (Passed)                                                                                 3.143  




++++ Path 9 ++++++++++++++++++++++++++++++++++++++++++++++++++++++++++ 

Path Begin       : lab2_counter_inst/count_state__i28/Q  (SLICE_R15C11C)
Path End         : lab2_counter_inst/count_state__i28/D  (SLICE_R15C11C)
Source Clock     : clk (R)
Destination Clock: clk (R)
Logic Level      : 3
Delay Ratio      : 58.7% (route), 41.3% (logic)
Clock Skew       : 0.000 ns 
Hold Constraint  : 0.000 ns 
Path Slack       : 3.143 ns  (Passed)


Source Clock Path
Name                                      Cell/Site Name     Delay Name       Incr   Arrival/Required Time  Fanout  
----------------------------------------  -----------------  ---------------  -----  ---------------------  ------  
hf_osc/CLKHF                              HFOSC_HFOSC_R1C32  CLOCK LATENCY    0.000                  0.000  37      
lab2_scanning_inst/lab2_counter_inst/clk                     NET DELAY        3.084                  3.084  37      
{lab2_counter_inst/count_state__i29/CK   lab2_counter_inst/count_state__i28/CK}
                                                             CLOCK PIN        0.000                  3.084  1       


Data Path
Name                                      Cell/Site Name     Delay Name       Incr   Arrival/Required Time  Fanout  
----------------------------------------  -----------------  ---------------  -----  ---------------------  ------  
lab2_counter_inst/count_state__i28/CK->lab2_counter_inst/count_state__i28/Q
                                          SLICE_R15C11C      CLK_TO_Q1_DELAY  0.779                  3.863  2       
lab2_counter_inst/count_state[28]                            NET DELAY        0.912                  4.775  2       
lab2_counter_inst/add_7_add_5_29/B1->lab2_counter_inst/add_7_add_5_29/S1
                                          SLICE_R14C11C      B1_TO_F1_DELAY   0.266                  5.041  1       
lab2_counter_inst/n167[28]                                   NET DELAY        0.934                  5.975  1       
lab2_counter_inst/i559_2_lut/A->lab2_counter_inst/i559_2_lut/Z
                                          SLICE_R15C11C      D1_TO_F1_DELAY   0.252                  6.227  1       
lab2_counter_inst/n40[28]                                    NET DELAY        0.000                  6.227  1       
lab2_counter_inst/count_state__i28/D                         ENDPOINT         0.000                  6.227  1       


Destination Clock Path
Name                                      Cell/Site Name     Delay Name       Incr   Arrival/Required Time  Fanout  
----------------------------------------  -----------------  ---------------  -----  ---------------------  ------  
                                                             CONSTRAINT       0.000                  0.000  1       
hf_osc/CLKHF                              HFOSC_HFOSC_R1C32  CLOCK LATENCY    0.000                  0.000  37      
lab2_scanning_inst/lab2_counter_inst/clk                     NET DELAY        3.084                  3.084  37      
{lab2_counter_inst/count_state__i29/CK   lab2_counter_inst/count_state__i28/CK}
                                                             CLOCK PIN        0.000                  3.084  1       
                                                             Uncertainty      0.000                  3.084  
                                                             Hold time        0.000                  3.084  
----------------------------------------  -----------------  ---------------  -----  ---------------------  ------  
Required Time                                                                                       -3.084  
Arrival Time                                                                                         6.227  
----------------------------------------  -----------------  ---------------  -----  ---------------------  ------  
Path Slack  (Passed)                                                                                 3.143  




++++ Path 10 ++++++++++++++++++++++++++++++++++++++++++++++++++++++++++ 

Path Begin       : lab2_counter_inst/count_state__i30/Q  (SLICE_R13C11B)
Path End         : lab2_counter_inst/count_state__i30/D  (SLICE_R13C11B)
Source Clock     : clk (R)
Destination Clock: clk (R)
Logic Level      : 3
Delay Ratio      : 58.7% (route), 41.3% (logic)
Clock Skew       : 0.000 ns 
Hold Constraint  : 0.000 ns 
Path Slack       : 3.143 ns  (Passed)


Source Clock Path
Name                                      Cell/Site Name     Delay Name       Incr   Arrival/Required Time  Fanout  
----------------------------------------  -----------------  ---------------  -----  ---------------------  ------  
hf_osc/CLKHF                              HFOSC_HFOSC_R1C32  CLOCK LATENCY    0.000                  0.000  37      
lab2_scanning_inst/lab2_counter_inst/clk                     NET DELAY        3.084                  3.084  37      
{lab2_counter_inst/count_state__i31/CK   lab2_counter_inst/count_state__i30/CK}
                                                             CLOCK PIN        0.000                  3.084  1       


Data Path
Name                                      Cell/Site Name     Delay Name       Incr   Arrival/Required Time  Fanout  
----------------------------------------  -----------------  ---------------  -----  ---------------------  ------  
lab2_counter_inst/count_state__i30/CK->lab2_counter_inst/count_state__i30/Q
                                          SLICE_R13C11B      CLK_TO_Q1_DELAY  0.779                  3.863  2       
lab2_counter_inst/count_state[30]                            NET DELAY        0.912                  4.775  2       
lab2_counter_inst/add_7_add_5_31/B1->lab2_counter_inst/add_7_add_5_31/S1
                                          SLICE_R14C11D      B1_TO_F1_DELAY   0.266                  5.041  1       
lab2_counter_inst/n167[30]                                   NET DELAY        0.934                  5.975  1       
lab2_counter_inst/i557_2_lut/A->lab2_counter_inst/i557_2_lut/Z
                                          SLICE_R13C11B      D1_TO_F1_DELAY   0.252                  6.227  1       
lab2_counter_inst/n40[30]                                    NET DELAY        0.000                  6.227  1       
lab2_counter_inst/count_state__i30/D                         ENDPOINT         0.000                  6.227  1       


Destination Clock Path
Name                                      Cell/Site Name     Delay Name       Incr   Arrival/Required Time  Fanout  
----------------------------------------  -----------------  ---------------  -----  ---------------------  ------  
                                                             CONSTRAINT       0.000                  0.000  1       
hf_osc/CLKHF                              HFOSC_HFOSC_R1C32  CLOCK LATENCY    0.000                  0.000  37      
lab2_scanning_inst/lab2_counter_inst/clk                     NET DELAY        3.084                  3.084  37      
{lab2_counter_inst/count_state__i31/CK   lab2_counter_inst/count_state__i30/CK}
                                                             CLOCK PIN        0.000                  3.084  1       
                                                             Uncertainty      0.000                  3.084  
                                                             Hold time        0.000                  3.084  
----------------------------------------  -----------------  ---------------  -----  ---------------------  ------  
Required Time                                                                                       -3.084  
Arrival Time                                                                                         6.227  
----------------------------------------  -----------------  ---------------  -----  ---------------------  ------  
Path Slack  (Passed)                                                                                 3.143  



+++++++++++++++++++++++++++++++++++++++++++++++++++++++++++++++++++++ 
                    End of Detailed Report for timing paths 
+++++++++++++++++++++++++++++++++++++++++++++++++++++++++++++++++++++ 


##########################################################



